id,titulo,preco,condominio,metragem,url,area_locavel,iptu,valor_total_mensal,pe_direito,endereco_completo
1,Cajamar - Galpão em Condomínio para Alugar,30.0,3.0,"19.591,00 m²",https://webindustrial.com.br/alugar/imovel/galpao-em-condominio-19591m2-para-locacao-franco-da-rocha-cajamar/692057,19591.0,0.75,587730.0,1200.0,"Rodovia Edgar Máximo Zamboto, 42 - Franco da Rocha"
2,BRZ Ribeirão Preto - Galpão em Condomínio para Alugar,,3.8,"3.376,00 a 6.940,00 m²",https://webindustrial.com.br/alugar/imovel/galpao-em-condominio-3376m2-para-locacao-ribeirao-preto/1000343,3376.0,1.0,0.0,1200.0,"Rodovia Anhanguera, Km 308, S/N - Ribeirão Preto"
3,BRZ 386 Logistics Park - Galpão em Condomínio para Alugar,,3.8,"2.821,00 a 3.424,00 m²",https://webindustrial.com.br/alugar/imovel/galpao-em-condominio-2821m2-para-locacao-nova-santa-rita/1000344,2821.0,1.0,0.0,1200.0,"Rodovia Governador Leonel De Moura Brizola, 437 - Nova Santa Rita"
4,Bonsucesso Logistics Park - Galpão em Condomínio para Alugar,,3.66,"2.839,00 a 3.056,00 m²",https://webindustrial.com.br/alugar/imovel/galpao-em-condominio-2839m2-para-locacao-guarulhos/265206,2839.0,1.73,0.0,1200.0,Detalhes da Oferta
5,Bandeirantes Business Park - SP - Galpão para Alugar,25.0,4.07,"4.303,00 m²",https://webindustrial.com.br/alugar/imovel/galpao-4303m2-para-locacao-jundiai/692247,4303.0,0.97,107575.0,,"Avenida Antônio Frederico Ozanan, 11200 - Jundiaí"
6,Distrito Industrial Domingos Giomi - Galpão em Condomínio para Alugar ou Comprar,18.0,,"5.740,00 m²",https://webindustrial.com.br/alugar-comprar/imovel/galpao-em-condominio-5740m2-para-locacao-venda-indaiatuba/692048,5740.0,,103320.0,600.0,"Rua Dalísio Silveira Barros, 1 - Indaiatuba"
7,Cy.log Embu - Galpão para Alugar,26.5,3.8,"39.029,00 m²",https://webindustrial.com.br/alugar/imovel/galpao-39029m2-para-locacao-embu-das-artes/297548,39029.0,,1034268.5,,"Estrada Maria Imaculada, 0 - Embu das Artes"
8,Extrema Business Park - Galpão para Alugar,34.0,3.96,"23.097,00 m²",https://webindustrial.com.br/alugar/imovel/galpao-23097m2-para-locacao-extrema/604596,23097.0,,785313.31,,"Rodovia Fernão Dias, 2150 - Extrema"
9,Itaquera - Galpão para Alugar,32.09,,"24.697,00 m²",https://webindustrial.com.br/alugar/imovel/galpao-24697m2-para-locacao-sao-paulo-itaquera/692044,24697.0,,792449.0,1200.0,"Rua Tomoichi Shimizu, 370 - São Paulo"
10,Casa Grande - Galpão para Alugar,15.0,,"900,00 m²",https://webindustrial.com.br/alugar/imovel/galpao-900m2-para-locacao-diadema/693722,900.0,1.07,13500.0,,"Av Ferraz Alvim, 935 - Diadema"
11,Jardim Santa Luzia - Galpão em Condomínio para Alugar,18.0,,"30.172,00 m²",https://webindustrial.com.br/alugar/imovel/galpao-em-condominio-30172m2-para-locacao-hortolandia/692056,30172.0,0.6,543100.0,1400.0,Detalhes da Oferta
12,CLE - Centro Logístico Embu - Galpão para Alugar,24.0,4.62,"2.956,00 m²",https://webindustrial.com.br/alugar/imovel/galpao-2956m2-para-locacao-embu-das-artes/692417,2956.0,0.89,70956.0,,"Rua José Semião Rodrigues Agostinho, 1370 - Embu das Artes"
13,Braslog Sorocaba - Galpão para Alugar,24.0,4.5,"3.666,00 m²",https://webindustrial.com.br/alugar/imovel/galpao-3666m2-para-locacao-sorocaba/692476,3666.0,1.22,87999.84,,"Avenida Antonio Bardela, 2650 - Sorocaba"
14,Betim Business Park - Galpão para Alugar,28.0,3.8,"39.132,00 m²",https://webindustrial.com.br/alugar/imovel/galpao-39132m2-para-locacao-betim/692248,39132.0,0.7,1095712.5,,"Rodovia Br-381 Fernão Dias, 499 - Betim"
15,Zimba Castelo Branco  - Galpão para Alugar,24.5,4.75,"1.650,00 m²",https://webindustrial.com.br/alugar/imovel/galpao-1650m2-para-locacao-aracariguama/275342,1650.0,0.7,40427.94,,"Estrada Municipal, 505 - Araçariguama"
16,CL - Centro Logístico Aeroporto - Galpão para Alugar,42.0,5.11,"10.356,00 m²",https://webindustrial.com.br/alugar/imovel/galpao-10356m2-para-locacao-guarulhos/692410,10356.0,3.5,434988.97,,"Rua Jamil João Zarif, 684 - Guarulhos"
17,CL - Centro Logístico Aeroporto - Galpão para Alugar,42.0,5.11,"5.178,00 m²",https://webindustrial.com.br/alugar/imovel/galpao-5178m2-para-locacao-guarulhos/692411,5178.0,3.5,217494.48,,"Rua Jamil João Zarif, 684 - Guarulhos"
18,CL - Centro Logístico Aeroporto - Galpão para Alugar,42.0,5.11,"2.589,00 m²",https://webindustrial.com.br/alugar/imovel/galpao-2589m2-para-locacao-guarulhos/692412,2589.0,3.5,108747.24,,"Rua Jamil João Zarif, 684 - Guarulhos"
19,Zimba Castelo Branco  - Galpão para Alugar,24.5,4.75,"3.300,00 m²",https://webindustrial.com.br/alugar/imovel/galpao-3300m2-para-locacao-aracariguama/692640,3300.0,0.7,80850.0,,"Estrada Senador José Ermirio de Moraes, 505 - Araçariguama"
20,Zimba Castelo Branco  - Galpão para Alugar,24.5,4.75,"4.984,00 m²",https://webindustrial.com.br/alugar/imovel/galpao-4984m2-para-locacao-aracariguama/692641,4984.0,0.7,122130.05,,"Estrada Senador José Ermirio de Moraes, 505 - Araçariguama"
21,Serraria Diadema - Galpão para Alugar ou Comprar,16.19,,"333,59 m²","https://webindustrial.com.br/alugar-comprar/imovel/galpao-333,59m2-para-locacao-venda-diadema/693744",333.59,,5400.0,,"Rua Ana Maria, 147 - Diadema"
22,Pouso Alegre Business Park - Galpão para Alugar,28.0,4.53,"19.281,00 m²",https://webindustrial.com.br/alugar/imovel/galpao-19281m2-para-locacao-pouso-alegre/692249,19281.0,,539889.56,,"Rodovia Fernão Dias, 864 - Pouso Alegre"
23,CL Guarulhos 2 - Galpão para Alugar,34.0,5.0,"6.595,00 m²",https://webindustrial.com.br/alugar/imovel/galpao-6595m2-para-locacao-guarulhos/692414,6595.0,1.93,224253.12,,"Rua da Lagoa, 511 - Guarulhos"
24,CL Guarulhos 2 - Galpão para Alugar,34.0,5.0,"19.787,00 m²",https://webindustrial.com.br/alugar/imovel/galpao-19787m2-para-locacao-guarulhos/692415,19787.0,1.93,672759.38,,"Rua da Lagoa, 511 - Guarulhos"
25,CL Guarulhos 2 - Galpão para Alugar,34.01,5.0,"2.198,00 m²",https://webindustrial.com.br/alugar/imovel/galpao-2198m2-para-locacao-guarulhos/692416,2198.0,1.93,74751.04,,"Rua da Lagoa, 511 - Guarulhos"
26,CLI - Centro Logístico Itapevi - Galpão para Alugar,30.0,5.86,"5.690,00 m²",https://webindustrial.com.br/alugar/imovel/galpao-5690m2-para-locacao-itapevi/692430,5690.0,0.33,170707.2,,"Rodovia Coronel PM Nelson Tranchesi, 1730 - Itapevi"
27,CLI - Centro Logístico Itapevi - Galpão para Alugar,30.0,5.86,"3.322,00 m²",https://webindustrial.com.br/alugar/imovel/galpao-3322m2-para-locacao-itapevi/692431,3322.0,0.33,99673.5,,"Rodovia Coronel PM Nelson Tranchesi, 1730 - Itapevi"
28,Nm KSM LOG Guarulhos I - Galpão para Alugar,35.0,3.0,"3.049,00 m²",https://webindustrial.com.br/alugar/imovel/galpao-3049m2-para-locacao-guarulhos/692497,3049.0,1.0,106715.0,,"Avenida Paschoal Thomeu, 2545 - Guarulhos"
29,Nm KSM LOG Guarulhos I - Galpão para Alugar,35.0,3.0,"8.314,00 m²",https://webindustrial.com.br/alugar/imovel/galpao-8314m2-para-locacao-guarulhos/692498,8314.0,1.0,290999.81,,"Avenida Paschoal Thomeu, 2545 - Guarulhos"
30,Nm KSM LOG Guarulhos I - Galpão para Alugar,35.0,3.0,"12.471,00 m²",https://webindustrial.com.br/alugar/imovel/galpao-12471m2-para-locacao-guarulhos/692499,12471.0,1.0,436499.69,,"Avenida Paschoal Thomeu, 2545 - Guarulhos"
31,Nm KSM LOG Guarulhos I - Galpão para Alugar,35.0,3.0,"16.628,00 m²",https://webindustrial.com.br/alugar/imovel/galpao-16628m2-para-locacao-guarulhos/692500,16628.0,1.0,581999.62,,"Avenida Paschoal Thomeu, 2545 - Guarulhos"
32,Nm KSM LOG Guarulhos I - Galpão para Alugar,35.0,3.0,"20.785,00 m²",https://webindustrial.com.br/alugar/imovel/galpao-20785m2-para-locacao-guarulhos/692501,20785.0,1.0,727499.5,,"Avenida Paschoal Thomeu, 2545 - Guarulhos"
33,Nm KSM LOG Guarulhos I - Galpão para Alugar,35.0,3.0,"24.942,00 m²",https://webindustrial.com.br/alugar/imovel/galpao-24942m2-para-locacao-guarulhos/692502,24942.0,1.0,872999.38,,"Avenida Paschoal Thomeu, 2545 - Guarulhos"
34,Nm KSM LOG Guarulhos I - Galpão para Alugar,35.0,3.0,"30.000,00 m²",https://webindustrial.com.br/alugar/imovel/galpao-30000m2-para-locacao-guarulhos/692503,30000.0,1.0,1050000.0,,"Avenida Paschoal Thomeu, 2545 - Guarulhos"
35,Nm KSM LOG Guarulhos I - Galpão para Alugar,35.0,3.0,"62.854,00 m²",https://webindustrial.com.br/alugar/imovel/galpao-62854m2-para-locacao-guarulhos/692504,62854.0,1.0,2199890.0,,"Avenida Paschoal Thomeu, 2545 - Guarulhos"
36,GS Espaço Empresarial Park Vila Anastácio - Galpão para Alugar,47.0,6.0,"1.476,00 m²",https://webindustrial.com.br/alugar/imovel/galpao-1476m2-para-locacao-sao-paulo/692727,1476.0,3.0,69372.0,,"Rua João Tibiriçá, 958 - São Paulo"
37,GS Espaço Empresarial Park Vila Anastácio - Galpão para Alugar,47.0,6.0,"2.952,00 m²",https://webindustrial.com.br/alugar/imovel/galpao-2952m2-para-locacao-sao-paulo/692728,2952.0,3.0,138744.0,,"Rua João Tibiriçá, 958 - São Paulo"
38,GS Espaço Empresarial Park Vila Anastácio - Galpão para Alugar,47.0,6.0,"1.856,00 m²",https://webindustrial.com.br/alugar/imovel/galpao-1856m2-para-locacao-sao-paulo/692729,1856.0,3.0,87232.0,,"Rua João Tibiriçá, 958 - São Paulo"
39,GLP Bandeirantes I - Galpão para Alugar,32.0,3.15,"9.524,00 m²",https://webindustrial.com.br/alugar/imovel/galpao-9524m2-para-locacao-franco-da-rocha/692661,9524.0,0.75,304790.72,,"Rodovia Edgar Máximo Zamboto, 42 - Franco da Rocha"
40,GLP Bandeirantes I - Galpão para Alugar,32.0,3.15,"20.105,00 m²",https://webindustrial.com.br/alugar/imovel/galpao-20105m2-para-locacao-franco-da-rocha/692662,20105.0,0.75,643381.75,,"Rodovia Edgar Máximo Zamboto, 42 - Franco da Rocha"
41,GLP Bandeirantes I - Galpão para Alugar,32.0,3.15,"30.158,00 m²",https://webindustrial.com.br/alugar/imovel/galpao-30158m2-para-locacao-franco-da-rocha/692663,30158.0,0.75,965072.62,,"Rodovia Edgar Máximo Zamboto, 42 - Franco da Rocha"
42,GLP Bandeirantes I - Galpão para Alugar,32.0,3.15,"39.683,00 m²",https://webindustrial.com.br/alugar/imovel/galpao-39683m2-para-locacao-franco-da-rocha/692664,39683.0,0.75,1269863.38,,"Rodovia Edgar Máximo Zamboto, 42 - Franco da Rocha"
43,GLP Bandeirantes I - Galpão para Alugar,32.0,3.15,"11.269,00 m²",https://webindustrial.com.br/alugar/imovel/galpao-11269m2-para-locacao-franco-da-rocha/692665,11269.0,0.75,360624.97,,"Rodovia Edgar Máximo Zamboto, 42 - Franco da Rocha"
44,GLP Bandeirantes I - Galpão para Alugar,32.0,3.15,"22.539,00 m²",https://webindustrial.com.br/alugar/imovel/galpao-22539m2-para-locacao-franco-da-rocha/692666,22539.0,0.75,721249.94,,"Rodovia Edgar Máximo Zamboto, 42 - Franco da Rocha"
45,LOG Guarulhos Gaiolli - Galpão para Alugar,30.0,4.74,"11.523,00 m²",https://webindustrial.com.br/alugar/imovel/galpao-11523m2-para-locacao-guarulhos/692267,11523.0,1.48,345703.81,,"Avenida Amâncio Gaioli, 426 - Guarulhos"
46,LOG Guarulhos Gaiolli - Galpão para Alugar,30.01,4.74,"2.212,00 m²",https://webindustrial.com.br/alugar/imovel/galpao-2212m2-para-locacao-guarulhos/692376,2212.0,1.48,66371.1,,"Avenida Amâncio Gaioli, 426 - Guarulhos"
47,LOG Guarulhos Gaiolli - Galpão para Alugar,30.0,4.74,"4.771,00 m²",https://webindustrial.com.br/alugar/imovel/galpao-4771m2-para-locacao-guarulhos/692377,4771.0,1.48,143136.59,,"Avenida Amâncio Gaioli, 426 - Guarulhos"
48,LOG Guarulhos Gaiolli - Galpão para Alugar,30.0,4.74,"6.752,00 m²",https://webindustrial.com.br/alugar/imovel/galpao-6752m2-para-locacao-guarulhos/692378,6752.0,1.48,202567.2,,"Avenida Amâncio Gaioli, 426 - Guarulhos"
49,Urdi Castello Branco - Galpão para Alugar,25.0,4.2,"8.183,00 m²",https://webindustrial.com.br/alugar/imovel/galpao-8183m2-para-locacao-santana-de-parnaiba/692451,8183.0,0.2,204577.0,,"Avenida Benedito Crispim de Oliveira, 580 - Santana de Parnaíba"
50,Urdi Castello Branco - Galpão para Alugar,25.0,4.2,"4.965,00 m²",https://webindustrial.com.br/alugar/imovel/galpao-4965m2-para-locacao-santana-de-parnaiba/692452,4965.0,0.2,124144.0,,"Avenida Benedito Crispim de Oliveira, 580 - Santana de Parnaíba"
51,Urdi Castello Branco - Galpão para Alugar,25.0,4.2,"13.148,00 m²",https://webindustrial.com.br/alugar/imovel/galpao-13148m2-para-locacao-santana-de-parnaiba/692453,13148.0,0.2,328700.0,,"Avenida Benedito Crispim de Oliveira, 580 - Santana de Parnaíba"
52,Urdi Castello Branco - Galpão para Alugar,25.0,4.2,"18.113,00 m²",https://webindustrial.com.br/alugar/imovel/galpao-18113m2-para-locacao-santana-de-parnaiba/692454,18113.0,0.2,452825.0,,"Avenida Benedito Crispim de Oliveira, 580 - Santana de Parnaíba"
53,GLP Imigrantes - Galpão para Alugar,34.0,2.7,"7.376,00 m²",https://webindustrial.com.br/alugar/imovel/galpao-7376m2-para-locacao-sao-bernardo-do-campo/692675,7376.0,2.55,250816.3,,"Rua dos Imigrantes, 0 - São Bernardo do Campo"
54,GS Espaço Empresarial Park Lapa IV - Galpão para Alugar,45.0,6.0,"1.502,00 m²",https://webindustrial.com.br/alugar/imovel/galpao-1502m2-para-locacao-sao-paulo/692730,1502.0,3.0,67590.0,,"Rua Mateo Forte, 216 - São Paulo"
55,GS Espaço Empresarial Park Lapa IV - Galpão para Alugar,45.0,6.0,"2.207,00 m²",https://webindustrial.com.br/alugar/imovel/galpao-2207m2-para-locacao-sao-paulo/692731,2207.0,3.0,99315.0,,"Rua Mateo Forte, 216 - São Paulo"
56,GS Espaço Empresarial Park Lapa IV - Galpão para Alugar,45.0,6.0,"4.424,00 m²",https://webindustrial.com.br/alugar/imovel/galpao-4424m2-para-locacao-sao-paulo/692732,4424.0,3.0,199080.0,,"Rua Mateo Forte, 216 - São Paulo"
57,GS Espaço Empresarial Park Lapa IV - Galpão para Alugar,45.0,6.0,"5.926,00 m²",https://webindustrial.com.br/alugar/imovel/galpao-5926m2-para-locacao-sao-paulo/692733,5926.0,3.0,266670.0,,"Rua Mateo Forte, 216 - São Paulo"
58,GS Espaço Empresarial Park Lapa IV - Galpão para Alugar,45.0,6.0,"2.241,00 m²",https://webindustrial.com.br/alugar/imovel/galpao-2241m2-para-locacao-sao-paulo/692734,2241.0,3.0,100845.0,,"Rua Mateo Forte, 216 - São Paulo"
59,GS Espaço Empresarial Park Lapa IV - Galpão para Alugar,45.0,6.0,"21.970,00 m²",https://webindustrial.com.br/alugar/imovel/galpao-21970m2-para-locacao-sao-paulo/692735,21970.0,3.0,988650.0,,"Rua Mateo Forte, 216 - São Paulo"
60,GS Espaço Empresarial Park Maginal Lapa III - Galpão para Alugar,43.01,6.0,"3.409,00 m²",https://webindustrial.com.br/alugar/imovel/galpao-3409m2-para-locacao-sao-paulo/692736,3409.0,3.25,146626.56,,"Rua Campos Vergueiro, 131 - São Paulo"
61,GS Espaço Empresarial Park Maginal Lapa II - Galpão para Alugar,43.0,8.0,"2.557,00 m²",https://webindustrial.com.br/alugar/imovel/galpao-2557m2-para-locacao-sao-paulo/692737,2557.0,3.0,109951.0,,"Avenida Raimundo Pereira de Magalhães, 136 - São Paulo"
62,GS Espaço Empresarial Park Maginal Lapa II - Galpão para Alugar,43.0,8.0,"3.052,00 m²",https://webindustrial.com.br/alugar/imovel/galpao-3052m2-para-locacao-sao-paulo/692738,3052.0,3.0,131236.0,,"Avenida Raimundo Pereira de Magalhães, 136 - São Paulo"
63,GS Espaço Empresarial Park Maginal Lapa II - Galpão para Alugar,43.0,8.0,"5.609,00 m²",https://webindustrial.com.br/alugar/imovel/galpao-5609m2-para-locacao-sao-paulo/692739,5609.0,3.0,241187.0,,"Avenida Raimundo Pereira de Magalhães, 136 - São Paulo"
64,GS Espaço Empresarial Park Maginal Lapa II - Galpão para Alugar,43.0,8.0,"4.336,00 m²",https://webindustrial.com.br/alugar/imovel/galpao-4336m2-para-locacao-sao-paulo/692740,4336.0,3.0,186448.0,,"Avenida Raimundo Pereira de Magalhães, 136 - São Paulo"
65,GS Espaço Empresarial Park Maginal Lapa II - Galpão para Alugar,43.0,8.0,"1.640,00 m²",https://webindustrial.com.br/alugar/imovel/galpao-1640m2-para-locacao-sao-paulo/692741,1640.0,3.0,70520.0,,"Avenida Raimundo Pereira de Magalhães, 136 - São Paulo"
66,Guarulhos Business Park - Galpão para Alugar,36.0,3.88,"53.322,00 m²",https://webindustrial.com.br/alugar/imovel/galpao-53322m2-para-locacao-guarulhos/604598,53322.0,1.5,1919600.62,,"Estrada Municipal, 253 - Guarulhos"
67,LOG São José do Rio Preto - Galpão para Alugar,25.01,4.4,"4.672,00 m²",https://webindustrial.com.br/alugar/imovel/galpao-4672m2-para-locacao-sao-jose-do-rio-preto/692270,4672.0,0.6,116824.5,,"Avenida Percy Gandini, 5305 - São José do Rio Preto"
68,LOG São José do Rio Preto - Galpão para Alugar,25.0,4.4,"4.231,00 m²",https://webindustrial.com.br/alugar/imovel/galpao-4231m2-para-locacao-sao-jose-do-rio-preto/692271,4231.0,0.6,105776.0,,"Avenida Percy Gandini, 5305 - São José do Rio Preto"
69,LOG São José do Rio Preto - Galpão para Alugar,25.0,4.4,"3.557,00 m²",https://webindustrial.com.br/alugar/imovel/galpao-3557m2-para-locacao-sao-jose-do-rio-preto/692382,3557.0,0.6,88929.25,,"Avenida Percy Gandini, 5305 - São José do Rio Preto"
70,CL Castelo Branco - Galpão para Alugar,39.0,4.0,"58.635,00 m²",https://webindustrial.com.br/alugar/imovel/galpao-58635m2-para-locacao-barueri/692426,58635.0,1.0,2286769.0,,"Rua Jussara, 510 - Barueri"
71,CL Castelo Branco - Galpão para Alugar,39.0,4.0,"24.382,00 m²",https://webindustrial.com.br/alugar/imovel/galpao-24382m2-para-locacao-barueri/692427,24382.0,1.0,950909.69,,"Rua Jussara, 510 - Barueri"
72,CL Castelo Branco - Galpão para Alugar,39.0,4.0,"3.160,00 m²",https://webindustrial.com.br/alugar/imovel/galpao-3160m2-para-locacao-barueri/692428,3160.0,1.0,123249.36,,"Rua Jussara, 510 - Barueri"
73,CL Castelo Branco - Galpão para Alugar,39.0,4.0,"6.320,00 m²",https://webindustrial.com.br/alugar/imovel/galpao-6320m2-para-locacao-barueri/692429,6320.0,1.0,246498.72,,"Rua Jussara, 510 - Barueri"
74,GLP Bandeirantes I - Galpão para Alugar,32.0,3.15,"86.357,00 m²",https://webindustrial.com.br/alugar/imovel/galpao-86357m2-para-locacao-franco-da-rocha/692667,86357.0,0.75,2763444.75,,"Rodovia Edgar Máximo Zamboto, 42 - Franco da Rocha"
75,GLP Taboão - Galpão para Alugar,36.0,3.9,"10.976,00 m²",https://webindustrial.com.br/alugar/imovel/galpao-10976m2-para-locacao-taboao-da-serra/692679,10976.0,1.0,395163.38,,"Avenida Marechal Castelo Branco, 565 - Taboão da Serra"
76,GLP Taboão - Galpão para Alugar,36.0,3.9,"21.953,00 m²",https://webindustrial.com.br/alugar/imovel/galpao-21953m2-para-locacao-taboao-da-serra/692680,21953.0,1.0,790326.75,,"Avenida Marechal Castelo Branco, 565 - Taboão da Serra"
77,GLP Taboão - Galpão para Alugar,36.0,3.9,"32.930,00 m²",https://webindustrial.com.br/alugar/imovel/galpao-32930m2-para-locacao-taboao-da-serra/692681,32930.0,1.0,1185490.12,,"Avenida Marechal Castelo Branco, 565 - Taboão da Serra"
78,GLP Taboão - Galpão para Alugar,36.0,3.9,"43.435,00 m²",https://webindustrial.com.br/alugar/imovel/galpao-43435m2-para-locacao-taboao-da-serra/692682,43435.0,1.0,1563685.5,,"Avenida Marechal Castelo Branco, 565 - Taboão da Serra"
79,GLP Taboão - Galpão para Alugar,36.0,3.9,"12.812,00 m²",https://webindustrial.com.br/alugar/imovel/galpao-12812m2-para-locacao-taboao-da-serra/692683,12812.0,1.0,461244.97,,"Avenida Marechal Castelo Branco, 565 - Taboão da Serra"
80,GLP Taboão - Galpão para Alugar,36.0,3.9,"9.682,00 m²",https://webindustrial.com.br/alugar/imovel/galpao-9682m2-para-locacao-taboao-da-serra/692684,9682.0,1.0,348573.25,,"Avenida Marechal Castelo Branco, 565 - Taboão da Serra"
81,GLP Taboão - Galpão para Alugar,36.0,3.9,"18.891,00 m²",https://webindustrial.com.br/alugar/imovel/galpao-18891m2-para-locacao-taboao-da-serra/692685,18891.0,1.0,680094.0,,"Avenida Marechal Castelo Branco, 565 - Taboão da Serra"
82,GLP Taboão - Galpão para Alugar,36.0,3.9,"31.940,00 m²",https://webindustrial.com.br/alugar/imovel/galpao-31940m2-para-locacao-taboao-da-serra/692686,31940.0,1.0,1149865.25,,"Avenida Marechal Castelo Branco, 565 - Taboão da Serra"
83,GLP Taboão - Galpão para Alugar,36.0,3.9,"8.278,00 m²",https://webindustrial.com.br/alugar/imovel/galpao-8278m2-para-locacao-taboao-da-serra/692687,8278.0,1.0,298037.53,,"Avenida Marechal Castelo Branco, 565 - Taboão da Serra"
84,GLP Taboão - Galpão para Alugar,36.0,3.9,"7.438,00 m²",https://webindustrial.com.br/alugar/imovel/galpao-7438m2-para-locacao-taboao-da-serra/692688,7438.0,1.0,267803.28,,"Avenida Marechal Castelo Branco, 565 - Taboão da Serra"
85,GLP Taboão - Galpão para Alugar,36.0,3.9,"14.877,00 m²",https://webindustrial.com.br/alugar/imovel/galpao-14877m2-para-locacao-taboao-da-serra/692689,14877.0,1.0,535606.56,,"Avenida Marechal Castelo Branco, 565 - Taboão da Serra"
86,GLP Taboão - Galpão para Alugar,36.0,3.9,"4.890,00 m²",https://webindustrial.com.br/alugar/imovel/galpao-4890m2-para-locacao-taboao-da-serra/692690,4890.0,,176044.31,,"Avenida Marechal Castelo Branco, 565 - Taboão da Serra"
87,GLP Taboão - Galpão para Alugar,36.0,3.9,"9.780,00 m²",https://webindustrial.com.br/alugar/imovel/galpao-9780m2-para-locacao-taboao-da-serra/692691,9780.0,1.0,352088.62,,"Avenida Marechal Castelo Branco, 565 - Taboão da Serra"
88,GLP Taboão - Galpão para Alugar,82.85,3.9,"29.312,00 m²",https://webindustrial.com.br/alugar/imovel/galpao-29312m2-para-locacao-taboao-da-serra/692692,29312.0,1.0,2428401.5,,"Avenida Marechal Castelo Branco, 565 - Taboão da Serra"
89,GLP Taboão - Galpão para Alugar,36.01,3.9,"3.229,00 m²",https://webindustrial.com.br/alugar/imovel/galpao-3229m2-para-locacao-taboao-da-serra/692693,3229.0,1.0,116269.2,,"Avenida Marechal Castelo Branco, 565 - Taboão da Serra"
90,GLP Taboão - Galpão para Alugar,36.0,3.9,"6.695,00 m²",https://webindustrial.com.br/alugar/imovel/galpao-6695m2-para-locacao-taboao-da-serra/692694,6695.0,1.0,241043.05,,"Avenida Marechal Castelo Branco, 565 - Taboão da Serra"
91,LOG Hortolândia - Galpão para Alugar,23.0,4.57,"4.079,00 m²",https://webindustrial.com.br/alugar/imovel/galpao-4079m2-para-locacao-hortolandia/692268,4079.0,0.69,93820.45,,"Rua Pérola, 200 - Hortolândia"
92,LOG Hortolândia - Galpão para Alugar,23.0,4.57,"4.110,00 m²",https://webindustrial.com.br/alugar/imovel/galpao-4110m2-para-locacao-hortolandia/692347,4110.0,0.69,94550.47,,"Rua Pérola, 200 - Hortolândia"
93,CL SP Dutra - Centro Logístico Dutra - Galpão para Alugar,42.0,3.87,"18.822,00 m²",https://webindustrial.com.br/alugar/imovel/galpao-18822m2-para-locacao-sao-paulo/692413,18822.0,1.1,790549.19,,"Rua Cabo Norberto Enrique Weber, 222 - São Paulo"
94,CL Imigrantes 4 - Galpão para Alugar,34.0,5.0,"29.475,00 m²",https://webindustrial.com.br/alugar/imovel/galpao-29475m2-para-locacao-sao-bernardo-do-campo/692423,29475.0,3.0,1002180.62,,"Avenida Montemor, 513 - São Bernardo do Campo"
95,CL Imigrantes 4 - Galpão para Alugar,34.0,5.0,"34.430,00 m²",https://webindustrial.com.br/alugar/imovel/galpao-34430m2-para-locacao-sao-bernardo-do-campo/692424,34430.0,3.0,1170643.75,,"Avenida Montemor, 513 - São Bernardo do Campo"
96,CL Imigrantes 4 - Galpão para Alugar,34.0,5.0,"63.906,00 m²",https://webindustrial.com.br/alugar/imovel/galpao-63906m2-para-locacao-sao-bernardo-do-campo/692425,63906.0,3.0,2172823.5,,"Avenida Montemor, 513 - São Bernardo do Campo"
97,GLP Régis - Galpão para Alugar,24.0,5.1,"6.804,00 m²",https://webindustrial.com.br/alugar/imovel/galpao-6804m2-para-locacao-itapecerica-da-serra/692668,6804.0,1.15,163319.28,,"Rodovia Régis Bittencourt, 296 - Itapecerica da Serra"
98,GLP Régis - Galpão para Alugar,24.0,5.1,"8.369,00 m²",https://webindustrial.com.br/alugar/imovel/galpao-8369m2-para-locacao-itapecerica-da-serra/692669,8369.0,1.15,200858.41,,"Rodovia Régis Bittencourt, 296 - Itapecerica da Serra"
99,GLP Régis - Galpão para Alugar,24.0,5.1,"16.738,00 m²",https://webindustrial.com.br/alugar/imovel/galpao-16738m2-para-locacao-itapecerica-da-serra/692670,16738.0,1.15,401716.81,,"Rodovia Régis Bittencourt, 296 - Itapecerica da Serra"
100,GLP Régis - Galpão para Alugar,24.0,5.1,"25.107,00 m²",https://webindustrial.com.br/alugar/imovel/galpao-25107m2-para-locacao-itapecerica-da-serra/692671,25107.0,1.15,602575.19,,"Rodovia Régis Bittencourt, 296 - Itapecerica da Serra"
101,GLP Régis - Galpão para Alugar,24.0,5.1,"31.912,00 m²",https://webindustrial.com.br/alugar/imovel/galpao-31912m2-para-locacao-itapecerica-da-serra/692672,31912.0,1.15,765894.5,,"Rodovia Régis Bittencourt, 296 - Itapecerica da Serra"
102,GLP Embu I - Galpão para Alugar,36.0,,"60.204,00 m²",https://webindustrial.com.br/alugar/imovel/galpao-60204m2-para-locacao-embu-das-artes/692673,60204.0,1.15,2167351.5,,"Avenida Isaltino Victor de Moraes, 437 - Embu das Artes"
103,GLP Guarulhos - Galpão para Alugar,46.0,3.0,"6.404,00 m²",https://webindustrial.com.br/alugar/imovel/galpao-6404m2-para-locacao-guarulhos/692674,6404.0,1.3,294599.19,,"Avenida Júlia Gaiolli, 740 - Guarulhos"
104,LOG Ribeirão Preto - Galpão para Alugar,26.0,4.05,"12.800,00 m²",https://webindustrial.com.br/alugar/imovel/galpao-12800m2-para-locacao-ribeirao-preto/692269,12800.0,0.6,332804.16,,"Via Anhangüera, 313 - Ribeirão Preto"
105,LOG Ribeirão Preto - Galpão para Alugar,26.0,4.05,"2.133,00 m²",https://webindustrial.com.br/alugar/imovel/galpao-2133m2-para-locacao-ribeirao-preto/692379,2133.0,0.6,55467.36,,"Via Anhangüera, 313 - Ribeirão Preto"
106,LOG Ribeirão Preto - Galpão para Alugar,26.0,4.05,"4.266,00 m²",https://webindustrial.com.br/alugar/imovel/galpao-4266m2-para-locacao-ribeirao-preto/692380,4266.0,0.6,110934.72,,"Via Anhangüera, 313 - Ribeirão Preto"
107,LOG Ribeirão Preto - Galpão para Alugar,26.0,4.05,"6.400,00 m²",https://webindustrial.com.br/alugar/imovel/galpao-6400m2-para-locacao-ribeirao-preto/692381,6400.0,0.6,166402.08,,"Via Anhangüera, 313 - Ribeirão Preto"
108,CL Imigrantes 3 - Galpão para Alugar,34.0,5.0,"13.021,00 m²",https://webindustrial.com.br/alugar/imovel/galpao-13021m2-para-locacao-sao-bernardo-do-campo/692420,13021.0,3.0,442741.19,,"Estrada Marco Polo, 4646 - São Bernardo do Campo"
109,CL Imigrantes 3 - Galpão para Alugar,34.0,5.0,"30.394,00 m²",https://webindustrial.com.br/alugar/imovel/galpao-30394m2-para-locacao-sao-bernardo-do-campo/692421,30394.0,3.0,1033426.62,,"Estrada Marco Polo, 4646 - São Bernardo do Campo"
110,CL Imigrantes 3 - Galpão para Alugar,34.0,5.0,"43.416,00 m²",https://webindustrial.com.br/alugar/imovel/galpao-43416m2-para-locacao-sao-bernardo-do-campo/692422,43416.0,3.0,1476168.12,,"Estrada Marco Polo, 4646 - São Bernardo do Campo"
111,Mbigucci Business Park Santo André - Galpão para Alugar,35.0,3.75,"1.192,00 m²",https://webindustrial.com.br/alugar/imovel/galpao-1192m2-para-locacao-santo-andre/692471,1192.0,5.5,41720.0,,"Rua Ângelo Franchini, 299 - Santo André"
112,Mbigucci Business Park Santo André - Galpão para Alugar,35.0,3.75,"2.384,00 m²",https://webindustrial.com.br/alugar/imovel/galpao-2384m2-para-locacao-santo-andre/692472,2384.0,5.5,83440.0,,"Rua Ângelo Franchini, 299 - Santo André"
113,Mbigucci Business Park Santo André - Galpão para Alugar,35.0,3.75,"3.576,00 m²",https://webindustrial.com.br/alugar/imovel/galpao-3576m2-para-locacao-santo-andre/692473,3576.0,5.5,125160.0,,"Rua Ângelo Franchini, 299 - Santo André"
114,Mbigucci Business Park Santo André - Galpão para Alugar,35.01,3.75,"2.186,00 m²",https://webindustrial.com.br/alugar/imovel/galpao-2186m2-para-locacao-santo-andre/692474,2186.0,5.5,76521.2,,"Rua Ângelo Franchini, 299 - Santo André"
115,Mbigucci Business Park Santo André - Galpão para Alugar,35.01,3.75,"6.558,00 m²",https://webindustrial.com.br/alugar/imovel/galpao-6558m2-para-locacao-santo-andre/692475,6558.0,5.5,229563.59,,"Rua Ângelo Franchini, 299 - Santo André"
116,Goodman Jaguaré - Galpão para Alugar,45.0,,"7.027,00 m²",https://webindustrial.com.br/alugar/imovel/galpao-7027m2-para-locacao-sao-paulo/692477,7027.0,,316226.69,,"Avenida Engenheiro Billings, 2227 - São Paulo"
117,Goodman Jaguaré - Galpão para Alugar,45.0,,"14.964,00 m²",https://webindustrial.com.br/alugar/imovel/galpao-14964m2-para-locacao-sao-paulo/692478,14964.0,,673386.75,,"Avenida Engenheiro Billings, 2227 - São Paulo"
118,Santana Business Park - Galpão para Alugar,26.01,4.4,"2.923,00 m²",https://webindustrial.com.br/alugar/imovel/galpao-2923m2-para-locacao-santana-de-parnaiba/692486,2923.0,0.65,76018.28,,"Estrada Tenente Marques, 1818 - Santana de Parnaíba"
119,Santana Business Park - Galpão para Alugar,26.0,4.4,"4.385,00 m²",https://webindustrial.com.br/alugar/imovel/galpao-4385m2-para-locacao-santana-de-parnaiba/692487,4385.0,0.65,114027.42,,"Estrada Tenente Marques, 1818 - Santana de Parnaíba"
120,Centro Logístico Especulativo Cajamar - XP Log WT Cajamar - Galpão para Alugar,23.0,3.95,"15.049,00 m²",https://webindustrial.com.br/alugar/imovel/galpao-15049m2-para-locacao-cajamar/692488,15049.0,0.8,346127.0,,"Rua Sem Denominacao, 0 - Cajamar"
121,Mbigucci Business Park Santo André - Galpão para Alugar,35.01,3.75,"4.372,00 m²",https://webindustrial.com.br/alugar/imovel/galpao-4372m2-para-locacao-santo-andre/692699,4372.0,5.5,153042.41,,"Rua Ângelo Franchini, 299 - Santo André"
122,GLP Guarulhos III - Galpão para Alugar,43.0,3.55,"106.499,00 m²",https://webindustrial.com.br/alugar/imovel/galpao-106499m2-para-locacao-guarulhos/692656,106499.0,,4579474.5,,"Rodovia Presidente Dutra, 0 - Guarulhos"
123,GLP Guarulhos III - Galpão para Alugar,43.0,3.55,"108.123,00 m²",https://webindustrial.com.br/alugar/imovel/galpao-108123m2-para-locacao-guarulhos/692657,108123.0,,4649307.5,,"Rodovia Presidente Dutra, 218 - Guarulhos"
124,GLP Guarulhos III - Galpão para Alugar,43.0,3.55,"30.533,00 m²",https://webindustrial.com.br/alugar/imovel/galpao-30533m2-para-locacao-guarulhos/692658,30533.0,,1312929.75,,"Rodovia Presidente Dutra, 218 - Guarulhos"
125,GLP Guarulhos III - Galpão para Alugar,43.0,3.55,"214.622,00 m²",https://webindustrial.com.br/alugar/imovel/galpao-214622m2-para-locacao-guarulhos/692659,214622.0,,9228782.0,,"Rodovia Presidente Dutra, 218 - Guarulhos"
126,GLP Guarulhos III - Galpão para Alugar,43.0,3.55,"245.156,00 m²",https://webindustrial.com.br/alugar/imovel/galpao-245156m2-para-locacao-guarulhos/692660,245156.0,,10541712.0,,"Rodovia Presidente Dutra, 218 - Guarulhos"
127,Bresco Embu - Galpão para Alugar,31.0,,"7.629,00 m²",https://webindustrial.com.br/alugar/imovel/galpao-7629m2-para-locacao-embu-das-artes/692710,7629.0,,236499.0,,"Avenida Hélio Ossamu Daikuara, 1135 - Embu das Artes"
128,Itaqui - Galpão para Alugar,27.0,5.66,"1.563,00 m²",https://webindustrial.com.br/alugar/imovel/galpao-1563m2-para-locacao-itapevi/1000699,1563.0,0.33,42203.43,,Detalhes da Oferta
129,Infinity Business Park - Galpão para Alugar,32.0,3.92,"37.550,00 m²",https://webindustrial.com.br/alugar/imovel/galpao-37550m2-para-locacao-extrema/692250,37550.0,,1201623.38,,"Rodovia Fernão Dias, 0 - Extrema"
130,CLE - Centro Logístico Embu 3 - Galpão para Alugar,30.0,5.5,"19.058,00 m²",https://webindustrial.com.br/alugar/imovel/galpao-19058m2-para-locacao-embu-das-artes/692418,19058.0,1.0,571768.81,,"Rua José Semião Rodrigues Agostinho, 1210 - Embu das Artes"
131,CLE - Centro Logístico Embu - Galpão para Alugar,30.0,5.5,"5.670,00 m²",https://webindustrial.com.br/alugar/imovel/galpao-5670m2-para-locacao-embu-das-artes/692419,5670.0,1.0,170109.59,,"Rua José Semião Rodrigues Agostinho, 1210 - Embu das Artes"
132,Urdi CBBP Barueri - Galpão para Alugar,36.01,3.6,"2.094,00 m²",https://webindustrial.com.br/alugar/imovel/galpao-2094m2-para-locacao-barueri/692450,2094.0,0.2,75405.6,,"Avenida Prefeito João Vilallobo Quero, 2259 - Barueri"
133,GLP Dutra I - Galpão para Alugar,36.0,,"48.422,00 m²",https://webindustrial.com.br/alugar/imovel/galpao-48422m2-para-locacao-guarulhos/692676,48422.0,1.3,1743203.88,,"Rodovia Presidente Dutra, 0 - Guarulhos"
134,GLP Dutra I - Galpão para Alugar,36.0,,"9.668,00 m²",https://webindustrial.com.br/alugar/imovel/galpao-9668m2-para-locacao-guarulhos/692677,9668.0,1.3,348060.25,,"Rodovia Presidente Dutra, 0 - Guarulhos"
135,GLP Dutra I - Galpão para Alugar,36.0,,"58.090,00 m²",https://webindustrial.com.br/alugar/imovel/galpao-58090m2-para-locacao-guarulhos/692678,58090.0,1.3,2091264.12,,"Rodovia Presidente Dutra, 0 - Guarulhos"
136,Tamboré - Galpão para Alugar,43.75,,"800,00 m²",https://webindustrial.com.br/alugar/imovel/galpao-800m2-para-locacao-barueri/693793,800.0,0.48,35000.0,,Detalhes da Oferta
137,Parque Industrial San José - Galpão em Condomínio para Alugar,28.0,1.19,"1.250,00 m²",https://webindustrial.com.br/alugar/imovel/galpao-em-condominio-1250m2-para-locacao-sao-paulo-parque-industrial-san-jose/1000593,1250.0,1.16,35000.0,1200.0,"Rua Santa Clara, 515, 541 - São Paulo"
138,Vila Nogueira - Galpão para Alugar,26.31,,"3.610,80 m²","https://webindustrial.com.br/alugar/imovel/galpao-3610,8m2-para-locacao-diadema/693740",3610.8,,95000.0,,"Avn Dona Ruyce Ferraz Alvim, 997 - Diadema"
139,Vila Nogueira - Galpão para Alugar,16.42,,"2.740,82 m²","https://webindustrial.com.br/alugar/imovel/galpao-2740,82m2-para-locacao-diadema/693743",2740.82,,45000.0,,"Av Dona Ruyce Ferraz Alvim, 3036 - Diadema"
140,Jardim Miriam - Galpão para Alugar,26.53,,"245,00 m²",https://webindustrial.com.br/alugar/imovel/galpao-245m2-para-locacao-sao-paulo/693747,245.0,,6500.0,,"Rua Giuseppe Boschi, 244 - São Paulo"
141,Vila Alves Dias - Galpão para Alugar,23055.78,,"3.252,98 m²","https://webindustrial.com.br/alugar/imovel/galpao-3252,98m2-para-locacao-sao-bernardo-do-campo/693757",3252.98,,75000000.0,,"Estrada Samuel Aizemberg, 1150 - São Bernardo do Campo"
142,Conceição - Galpão para Alugar,25.31,,"1.975,58 m²","https://webindustrial.com.br/alugar/imovel/galpao-1975,58m2-para-locacao-diadema/693759",1975.58,,50000.0,,"Rua Riachuelo,, 92 - Diadema"
143,Jardim Regina Alice - Galpão para Alugar,26.0,,"2.000,00 m²",https://webindustrial.com.br/alugar/imovel/galpao-2000m2-para-locacao-barueri/1000697,2000.0,1.52,52000.0,,Detalhes da Oferta
144,Jardim Belval - Galpão para Alugar,34.03,6.42,"831,00 m²",https://webindustrial.com.br/alugar/imovel/galpao-831m2-para-locacao-barueri/693794,831.0,0.81,28279.5,,Detalhes da Oferta
145,Vila Planalto - Galpão para Alugar,28.0,,"41.055,00 m²",https://webindustrial.com.br/alugar/imovel/galpao-41055m2-para-locacao-cajamar-vila-planalto/1000358,41055.0,0.28,1149540.0,1200.0,"Av. Ten. Marques, 1246 - Cajamar"
146,Presidente Altino - Galpão para Alugar,43.0,1.5,"2.164,00 m²",https://webindustrial.com.br/alugar/imovel/galpao-2164m2-para-locacao-osasco/690791,2164.0,4.9,93052.0,,Detalhes da Oferta
147,Fazenda Tamboré - Galpão em Condomínio para Alugar,34.6,9.85,"1.329,39 m²","https://webindustrial.com.br/alugar/imovel/galpao-em-condominio-1329,39m2-para-locacao-barueri-fazenda-tambore/1000312",1329.39,0.24,46000.0,1200.0,"Av. Marginal Projetada - Fazenda Tamboré, - Barueri"
148,Água Chata - Galpão em Condomínio para Alugar,36.0,,"5.282,00 m²",https://webindustrial.com.br/alugar/imovel/galpao-em-condominio-5282m2-para-locacao-guarulhos/692051,5282.0,1.4,190152.0,,"Viela Dinamarca, 12 - Guarulhos"
149,Roseira - Galpão para Alugar,29.0,3.6,"93.000,00 m²",https://webindustrial.com.br/alugar/imovel/galpao-93000m2-para-locacao-franco-da-rocha/1000615,93000.0,0.8,2697000.0,,"Estrada da Roseira, 0 - Franco da Rocha"
150,Presidente Altino - Galpão para Alugar,24.38,,"2.830,00 m²",https://webindustrial.com.br/alugar/imovel/galpao-2830m2-para-locacao-osasco/693720,2830.0,1.4,69000.0,,"Armindo Hanne, 105 - Osasco"
151,Vila Maria - Galpão em Condomínio para Alugar,45.0,,"8.615,00 m²",https://webindustrial.com.br/alugar/imovel/galpao-em-condominio-8615m2-para-locacao-sao-paulo/692045,8615.0,3.84,387675.0,690.0,Detalhes da Oferta
