id,titulo,metragem_total_m2,area_locavel_m2,preco_locacao_m2,condominio_m2,iptu_m2_mensal,valor_total_mensal_original,pe_direito_m,endereco_completo,cidade,estado,url,custo_locacao_total_mensal,custo_acessorio_total_mensal,valor_total_mensal_final,categoria_tamanho
15,Zimba Castelo Branco  - Galpão para Alugar,1650,1650,24.5,4.75,0.7,40427.94,,"Estrada Municipal, 505 - Araçariguama, SP",Araçariguama,SP,https://webindustrial.com.br/alugar/imovel/galpao-1650m2-para-locacao-aracariguama/275342,40425,8992.5,49417.5,Médio
20,Zimba Castelo Branco  - Galpão para Alugar,4984,4984,24.5,4.75,0.7,122130.05,,"Estrada Senador José Ermirio de Moraes, 505 - Araçariguama, SP",Araçariguama,SP,https://webindustrial.com.br/alugar/imovel/galpao-4984m2-para-locacao-aracariguama/692641,122108,27162.8,149270.8,Médio
19,Zimba Castelo Branco  - Galpão para Alugar,3300,3300,24.5,4.75,0.7,80850,,"Estrada Senador José Ermirio de Moraes, 505, Araçariguama, SP",Araçariguama,SP,https://webindustrial.com.br/alugar/imovel/galpao-3300m2-para-locacao-aracariguama/692640,80850,17985,98835,Médio
73,CL Castelo Branco - Galpão para Alugar,6320,6320,39,4,1,246498.72,,"Rua Jussara, 510 - Barueri, SP",Barueri,SP,https://webindustrial.com.br/alugar/imovel/galpao-6320m2-para-locacao-barueri/692429,246480,31600,278080,Grande
71,CL Castelo Branco - Galpão para Alugar,24382,24382,39,4,1,950909.69,,"Rua Jussara, 510 - Barueri, SP",Barueri,SP,https://webindustrial.com.br/alugar/imovel/galpao-24382m2-para-locacao-barueri/692427,950898,121910,1072808,Grande
70,CL Castelo Branco - Galpão para Alugar,58635,58635,39,4,1,2286769,,"Rua Jussara, 510 - Barueri, SP",Barueri,SP,https://webindustrial.com.br/alugar/imovel/galpao-58635m2-para-locacao-barueri/692426,2286765,293175,2579940,Grande
72,CL Castelo Branco - Galpão para Alugar,3160,3160,39,4,1,123249.36,,"Rua Jussara, 510 - Barueri, SP",Barueri,SP,https://webindustrial.com.br/alugar/imovel/galpao-3160m2-para-locacao-barueri/692428,123240,15800,139040,Médio
147,Fazenda Tamboré - Galpão em Condomínio para Alugar,1329.39,1329.39,34.6,9.85,0.24,46000,1200,"Av. Marginal Projetada - Fazenda Tamboré, Barueri, SP",Barueri,SP,"https://webindustrial.com.br/alugar/imovel/galpao-em-condominio-1329,39m2-para-locacao-barueri-fazenda-tambore/1000312",45996.89,13413.55,59410.44,Médio
144,Jardim Belval - Galpão para Alugar,831,831,34.03,6.42,0.81,28279.5,6.9,Jardim Belval - Barueri/SP,Barueri,SP,https://webindustrial.com.br/alugar/imovel/galpao-831m2-para-locacao-barueri/693794,28278.93,6008.13,34287.06,Pequeno
132,Urdi CBBP Barueri - Galpão para Alugar,2094,2094,36.01,3.6,0.2,75405.6,,"Avenida Prefeito João Vilallobo Quero, 2259 - Barueri, SP",Barueri,SP,https://webindustrial.com.br/alugar/imovel/galpao-2094m2-para-locacao-barueri/692450,75404.94,7957.2,83362.14,Médio
14,Betim Business Park - Galpão para Alugar,39132,39132,28,3.8,0.7,1095712.5,,"Rodovia Br-381 Fernão Dias, 499 - Betim, MG",Betim,MG,https://webindustrial.com.br/alugar/imovel/galpao-39132m2-para-locacao-betim/692248,1095696,176094,1271790,Grande
120,Centro Logístico Especulativo Cajamar - XP Log WT Cajamar - Galpão para Alugar,15049,15049,23,3.95,0.8,346127,,"Rua Sem Denominacao, 0 - Cajamar, SP",Cajamar,SP,https://webindustrial.com.br/alugar/imovel/galpao-15049m2-para-locacao-cajamar/692488,346127,71482.75,417609.75,Grande
145,Vila Planalto - Galpão para Alugar,41055,41055,28,7,0.28,1149540,1200,"Av. Ten. Marques, 1246 - Cajamar, SP",Cajamar,SP,https://webindustrial.com.br/alugar/imovel/galpao-41055m2-para-locacao-cajamar-vila-planalto/1000358,1149540,298880.4,1448420.4,Grande
10,Casa Grande - Galpão para Alugar,900,900,15,7,1.07,13500,,"Av Ferraz Alvim, 935 - Diadema, SP",Diadema,SP,https://webindustrial.com.br/alugar/imovel/galpao-900m2-para-locacao-diadema/693722,13500,7263,20763,Pequeno
142,Conceição - Galpão para Alugar,1975.58,1975.58,25.31,7,1.5,50000,,"Riachuelo, 92 - Conceição, Diadema, SP",Diadema,SP,"https://webindustrial.com.br/alugar/imovel/galpao-1975,58m2-para-locacao-diadema/693759",50001.93,16792.43,66794.36,Médio
21,Serraria Diadema - Galpão para Alugar ou Comprar,333.59,333.59,16.19,7,1.5,5400,,"Rua Ana Maria, 147, Diadema, SP",Diadema,SP,"https://webindustrial.com.br/alugar-comprar/imovel/galpao-333,59m2-para-locacao-venda-diadema/693744",5400.82,2835.51,8236.34,Pequeno
138,Vila Nogueira - Galpão para Alugar,3610.8,3610.8,26.31,7,1.5,95000,,"Avn Dona Ruyce Ferraz Alvim, 997 - Diadema, SP",Diadema,SP,"https://webindustrial.com.br/alugar/imovel/galpao-3610,8m2-para-locacao-diadema/693740",95000.15,30691.8,125691.95,Médio
139,Vila Nogueira - Galpão para Alugar,2740.82,2740.82,16.42,7,1.5,45000,,"Av Dona Ruyce Ferraz Alvim, 3036 - Diadema, SP",Diadema,SP,"https://webindustrial.com.br/alugar/imovel/galpao-2740,82m2-para-locacao-diadema/693743",45004.26,23296.97,68301.23,Médio
127,Bresco Embu - Galpão para Alugar,7629,7629,31,7,1.5,236499,,"Avenida Hélio Ossamu Daikuara, 1135 - Embu das Artes, SP",Embu,SP,https://webindustrial.com.br/alugar/imovel/galpao-7629m2-para-locacao-embu-das-artes/692710,236499,64846.5,301345.5,Grande
12,CLE - Centro Logístico Embu - Galpão para Alugar,2956,2956,24,4.62,0.89,70956,,"Rua José Semião Rodrigues Agostinho, 1370 - Embu das Artes, SP",Embu,SP,https://webindustrial.com.br/alugar/imovel/galpao-2956m2-para-locacao-embu-das-artes/692417,70944,16287.56,87231.56,Médio
7,Cy.log Embu - Galpão para Alugar,39029,39029,26.5,3.8,1.5,1034268.5,,"Estrada Maria Imaculada, 0 - Embu das Artes, SP",Embu,SP,https://webindustrial.com.br/alugar/imovel/galpao-39029m2-para-locacao-embu-das-artes/297548,1034268.5,206853.7,1241122.2,Grande
102,GLP Embu I - Galpão para Alugar,60204,60204,36,7,1.15,2167351.5,,"Avenida Isaltino Victor de Moraes, 437 - Embu das Artes, SP",Embu,SP,https://webindustrial.com.br/alugar/imovel/galpao-60204m2-para-locacao-embu-das-artes/692673,2167344,490662.6,2658006.6,Grande
131,CLE - Centro Logístico Embu - Galpão para Alugar,5670,5670,30,5.5,1,170109.59,,"Rua José Semião Rodrigues Agostinho, 1210 - Embu das Artes, SP",Embu das Artes,SP,https://webindustrial.com.br/alugar/imovel/galpao-5670m2-para-locacao-embu-das-artes/692419,170100,36855,206955,Grande
130,CLE - Centro Logístico Embu 3 - Galpão para Alugar,19058,19058,30,5.5,1,571768.81,,"Rua José Semião Rodrigues Agostinho, 1210 - Embu das Artes, SP",Embu das Artes,SP,https://webindustrial.com.br/alugar/imovel/galpao-19058m2-para-locacao-embu-das-artes/692418,571740,123877,695617,Grande
8,Extrema Business Park - Galpão para Alugar,23097,23097,34,3.96,1.5,785313.31,,"Rodovia Fernão Dias, 2150 - Extrema, MG",Extrema,MG,https://webindustrial.com.br/alugar/imovel/galpao-23097m2-para-locacao-extrema/604596,785298,126109.62,911407.62,Grande
129,Infinity Business Park - Galpão para Alugar,37550,37550,32,3.92,1.5,1201623.38,,"Rodovia Fernão Dias, 0 - Extrema, MG",Extrema,MG,https://webindustrial.com.br/alugar/imovel/galpao-37550m2-para-locacao-extrema/692250,1201600,203521,1405121,Grande
1,Cajamar - Galpão em Condomínio para Alugar,19591,19591,30,3,0.75,587730,1200,"Rodovia Edgar Máximo Zamboto, 42 - Franco da Rocha, SP",Franco da Rocha,SP,https://webindustrial.com.br/alugar/imovel/galpao-em-condominio-19591m2-para-locacao-franco-da-rocha-cajamar/692057,587730,73466.25,661196.25,Grande
44,GLP Bandeirantes I - Galpão para Alugar,22539,22539,32,3.15,0.75,721249.94,,"Rodovia Edgar Máximo Zamboto, 42, Franco da Rocha, SP",Franco da Rocha,SP,https://webindustrial.com.br/alugar/imovel/galpao-22539m2-para-locacao-franco-da-rocha/692666,721248,87902.1,809150.1,Grande
42,GLP Bandeirantes I - Galpão para Alugar,39683,39683,32,3.15,0.75,1269863.38,,"Rodovia Edgar Máximo Zamboto, 42 - Franco da Rocha, SP",Franco da Rocha,SP,https://webindustrial.com.br/alugar/imovel/galpao-39683m2-para-locacao-franco-da-rocha/692664,1269856,154763.7,1424619.7,Grande
43,GLP Bandeirantes I - Galpão para Alugar,11269,11269,32,3.15,0.75,360624.97,,"Rodovia Edgar Máximo Zamboto, 42, Franco da Rocha, SP",Franco da Rocha,SP,https://webindustrial.com.br/alugar/imovel/galpao-11269m2-para-locacao-franco-da-rocha/692665,360608,43949.1,404557.1,Grande
40,GLP Bandeirantes I - Galpão para Alugar,20105,20105,32,3.15,0.75,643381.75,,"Rodovia Edgar Máximo Zamboto, 42, Franco da Rocha, SP",Franco da Rocha,SP,https://webindustrial.com.br/alugar/imovel/galpao-20105m2-para-locacao-franco-da-rocha/692662,643360,78409.5,721769.5,Grande
39,GLP Bandeirantes I - Galpão para Alugar,9524,9524,32,3.15,0.75,304790.72,,"Rodovia Edgar Máximo Zamboto, 42, Franco da Rocha, SP",Franco da Rocha,SP,https://webindustrial.com.br/alugar/imovel/galpao-9524m2-para-locacao-franco-da-rocha/692661,304768,37143.6,341911.6,Grande
74,GLP Bandeirantes I - Galpão para Alugar,86357,86357,32,3.15,0.75,2763444.75,,"Rodovia Edgar Máximo Zamboto, 42 - Franco da Rocha, SP",Franco da Rocha,SP,https://webindustrial.com.br/alugar/imovel/galpao-86357m2-para-locacao-franco-da-rocha/692667,2763424,336792.3,3100216.3,Grande
41,GLP Bandeirantes I - Galpão para Alugar,30158,30158,32,3.15,0.75,965072.62,,"Rodovia Edgar Máximo Zamboto, 42, Franco da Rocha, SP",Franco da Rocha,SP,https://webindustrial.com.br/alugar/imovel/galpao-30158m2-para-locacao-franco-da-rocha/692663,965056,117616.2,1082672.2,Grande
149,Roseira - Galpão para Alugar,93000,93000,29,3.6,0.8,2697000,,"Estrada da Roseira, 0 - Franco da Rocha, SP",Franco da Rocha,SP,https://webindustrial.com.br/alugar/imovel/galpao-93000m2-para-locacao-franco-da-rocha/1000615,2697000,409200,3106200,Grande
4,Bonsucesso Logistics Park - Galpão em Condomínio para Alugar,2839,2839,38,3.66,1.73,0,1200,"Edifício Bonsucesso Logistics Park, Vila Nova Bonsucesso",Guarulhos,SP,https://webindustrial.com.br/alugar/imovel/galpao-em-condominio-2839m2-para-locacao-guarulhos/265206,107882,15302.21,123184.21,Médio
17,CL - Centro Logístico Aeroporto - Galpão para Alugar,5178,5178,42,5.11,3.5,217494.48,,"Rua Jamil João Zarif, 684 - Vila Nova Bonsucesso, Guarulhos, SP",Guarulhos,SP,https://webindustrial.com.br/alugar/imovel/galpao-5178m2-para-locacao-guarulhos/692411,217476,44582.58,262058.58,Grande
16,CL - Centro Logístico Aeroporto - Galpão para Alugar,10356,10356,42,5.11,3.5,434988.97,,"Rua Jamil João Zarif, 684 - Vila Nova Bonsucesso, Guarulhos, SP",Guarulhos,SP,https://webindustrial.com.br/alugar/imovel/galpao-10356m2-para-locacao-guarulhos/692410,434952,89165.16,524117.16,Grande
18,CL - Centro Logístico Aeroporto - Galpão para Alugar,2589,2589,42,5.11,3.5,108747.24,,"Ruam Jamil João Zarif, 684 - Vila Nova Bonsucesso, Guarulhos, SP",Guarulhos,SP,https://webindustrial.com.br/alugar/imovel/galpao-2589m2-para-locacao-guarulhos/692412,108738,22291.29,131029.29,Médio
25,CL Guarulhos 2 - Galpão para Alugar,2198,2198,34.01,5,1.93,74751.04,,"Rua da Lagoa, 511 - Vila Guarani, Guarulhos, SP",Guarulhos,SP,https://webindustrial.com.br/alugar/imovel/galpao-2198m2-para-locacao-guarulhos/692416,74753.98,15232.14,89986.12,Médio
23,CL Guarulhos 2 - Galpão para Alugar,6595,6595,34,5,1.93,224253.12,,"Rua da Lagoa, 511 - Vila Nova Bonsucesso, Guarulhos, SP",Guarulhos,SP,https://webindustrial.com.br/alugar/imovel/galpao-6595m2-para-locacao-guarulhos/692414,224230,45703.35,269933.35,Grande
24,CL Guarulhos 2 - Galpão para Alugar,19787,19787,34,5,1.93,672759.38,,"Rua da Lagoa, 511 - Vila Nova Bonsucesso, Guarulhos, SP",Guarulhos,SP,https://webindustrial.com.br/alugar/imovel/galpao-19787m2-para-locacao-guarulhos/692415,672758,137123.91,809881.91,Grande
134,GLP Dutra I - Galpão para Alugar,9668,9668,36,7,1.3,348060.25,,"Rodovia Presidente Dutra, 0 - Vila Galvão, Guarulhos, SP",Guarulhos,SP,https://webindustrial.com.br/alugar/imovel/galpao-9668m2-para-locacao-guarulhos/692677,348048,80244.4,428292.4,Grande
133,GLP Dutra I - Galpão para Alugar,48422,48422,36,7,1.3,1743203.88,,"Rodovia Presidente Dutra, 0 - Vila Nova Bonsucesso, Guarulhos, SP",Guarulhos,SP,https://webindustrial.com.br/alugar/imovel/galpao-48422m2-para-locacao-guarulhos/692676,1743192,401902.6,2145094.6,Grande
135,GLP Dutra I - Galpão para Alugar,58090,58090,36,7,1.3,2091264.12,,"Rodovia Presidente Dutra, 0 - Guarulhos, SP",Guarulhos,SP,https://webindustrial.com.br/alugar/imovel/galpao-58090m2-para-locacao-guarulhos/692678,2091240,482147,2573387,Grande
103,GLP Guarulhos - Galpão para Alugar,6404,6404,46,3,1.3,294599.19,,"Avenida Júlia Gaiolli, 740 - Vila Nova Bonsucesso, Guarulhos, SP",Guarulhos,SP,https://webindustrial.com.br/alugar/imovel/galpao-6404m2-para-locacao-guarulhos/692674,294584,27537.2,322121.2,Grande
122,GLP Guarulhos III - Galpão para Alugar,106499,106499,43,3.55,1.5,4579474.5,,"Rodovia Presidente Dutra, 0, Guarulhos, SP",Guarulhos,SP,https://webindustrial.com.br/alugar/imovel/galpao-106499m2-para-locacao-guarulhos/692656,4579457,537819.95,5117276.95,Grande
123,GLP Guarulhos III - Galpão para Alugar,108123,108123,43,3.55,1.5,4649307.5,,"Rodovia Presidente Dutra, 218 - Vila Nova Bonsucesso, Guarulhos, SP",Guarulhos,SP,https://webindustrial.com.br/alugar/imovel/galpao-108123m2-para-locacao-guarulhos/692657,4649289,546021.15,5195310.15,Grande
124,GLP Guarulhos III - Galpão para Alugar,30533,30533,43,3.55,1.5,1312929.75,,"Rodovia Presidente Dutra, 218 - Vila Nova Bonsucesso, Guarulhos, SP",Guarulhos,SP,https://webindustrial.com.br/alugar/imovel/galpao-30533m2-para-locacao-guarulhos/692658,1312919,154191.65,1467110.65,Grande
126,GLP Guarulhos III - Galpão para Alugar,245156,245156,43,3.55,1.5,10541712,,"Rodovia Presidente Dutra, 218, Guarulhos, SP",Guarulhos,SP,https://webindustrial.com.br/alugar/imovel/galpao-245156m2-para-locacao-guarulhos/692660,10541708,1238037.8,11779745.8,Grande
125,GLP Guarulhos III - Galpão para Alugar,214622,214622,43,3.55,1.5,9228782,,"Rodovia Presidente Dutra, 218 - Guarulhos, SP",Guarulhos,SP,https://webindustrial.com.br/alugar/imovel/galpao-214622m2-para-locacao-guarulhos/692659,9228746,1083841.1,10312587.1,Grande
66,Guarulhos Business Park - Galpão para Alugar,53322,53322,36,3.88,1.5,1919600.62,,"Estrada Municipal, 253 - Vila Nova Bonsucesso, Guarulhos, SP",Guarulhos,SP,https://webindustrial.com.br/alugar/imovel/galpao-53322m2-para-locacao-guarulhos/604598,1919592,286872.36,2206464.36,Grande
48,LOG Guarulhos Gaiolli - Galpão para Alugar,6752,6752,30,4.74,1.48,202567.2,,"Avenida Amâncio Gaioli, 426 - Vila Gaiolli, Guarulhos, SP",Guarulhos,SP,https://webindustrial.com.br/alugar/imovel/galpao-6752m2-para-locacao-guarulhos/692378,202560,41997.44,244557.44,Grande
47,LOG Guarulhos Gaiolli - Galpão para Alugar,4771,4771,30,4.74,1.48,143136.59,,"Avenida Amêncio Gaioli, 426 - Guarulhos, SP",Guarulhos,SP,https://webindustrial.com.br/alugar/imovel/galpao-4771m2-para-locacao-guarulhos/692377,143130,29675.62,172805.62,Médio
45,LOG Guarulhos Gaiolli - Galpão para Alugar,11523,11523,30,4.74,1.48,345703.81,,"Avenida Amâncio Gaioli, 426 - Vila Gaiolli, Guarulhos, SP",Guarulhos,SP,https://webindustrial.com.br/alugar/imovel/galpao-11523m2-para-locacao-guarulhos/692267,345690,71673.06,417363.06,Grande
46,LOG Guarulhos Gaiolli - Galpão para Alugar,2212,2212,30.01,4.74,1.48,66371.1,,"Avenida Amâncio Gaioli, 426 - Vila Gaiolli, Guarulhos, SP",Guarulhos,SP,https://webindustrial.com.br/alugar/imovel/galpao-2212m2-para-locacao-guarulhos/692376,66382.12,13758.64,80140.76,Médio
29,Nm KSM LOG Guarulhos I - Galpão para Alugar,8314,8314,35,3,1,290999.81,,"Avenida Paschoal Thomeu, 2545 - Vila Nova Bonsucesso, Guarulhos, SP",Guarulhos,SP,https://webindustrial.com.br/alugar/imovel/galpao-8314m2-para-locacao-guarulhos/692498,290990,33256,324246,Grande
33,Nm KSM LOG Guarulhos I - Galpão para Alugar,24942,24942,35,3,1,872999.38,,"Avenida Paschoal Thomeu, 2545, Guarulhos, SP",Guarulhos,SP,https://webindustrial.com.br/alugar/imovel/galpao-24942m2-para-locacao-guarulhos/692502,872970,99768,972738,Grande
31,Nm KSM LOG Guarulhos I - Galpão para Alugar,16628,16628,35,3,1,581999.62,,"Avenida Paschoal Thomeu, 2545 - Vila Guarani, Guarulhos, SP",Guarulhos,SP,https://webindustrial.com.br/alugar/imovel/galpao-16628m2-para-locacao-guarulhos/692500,581980,66512,648492,Grande
35,Nm KSM LOG Guarulhos I - Galpão para Alugar,62854,62854,35,3,1,2199890,,"Avenida Paschoal Thomeu, 2545 - Vila Guarani, Guarulhos, SP",Guarulhos,SP,https://webindustrial.com.br/alugar/imovel/galpao-62854m2-para-locacao-guarulhos/692504,2199890,251416,2451306,Grande
28,Nm KSM LOG Guarulhos I - Galpão para Alugar,3049,3049,35,3,1,106715,,"Avenida Paschoal Thomeu, 2545 - Vila Nova Bonsucesso, Guarulhos, SP",Guarulhos,SP,https://webindustrial.com.br/alugar/imovel/galpao-3049m2-para-locacao-guarulhos/692497,106715,12196,118911,Médio
32,Nm KSM LOG Guarulhos I - Galpão para Alugar,20785,20785,35,3,1,727499.5,,"Avenida Paschoal Thomeu, 2545 - Guarulhos, SP",Guarulhos,SP,https://webindustrial.com.br/alugar/imovel/galpao-20785m2-para-locacao-guarulhos/692501,727475,83140,810615,Grande
34,Nm KSM LOG Guarulhos I - Galpão para Alugar,30000,30000,35,3,1,1050000,,"Avenida Paschoal Thomeu, 2545 - Vila Nova Bonsucesso, Guarulhos, SP",Guarulhos,SP,https://webindustrial.com.br/alugar/imovel/galpao-30000m2-para-locacao-guarulhos/692503,1050000,120000,1170000,Grande
30,Nm KSM LOG Guarulhos I - Galpão para Alugar,12471,12471,35,3,1,436499.69,,"Avenida Paschoal Thomeu, 2545 - Vila Nova Bonsucesso, Guarulhos, SP",Guarulhos,SP,https://webindustrial.com.br/alugar/imovel/galpao-12471m2-para-locacao-guarulhos/692499,436485,49884,486369,Grande
148,Água Chata - Galpão em Condomínio para Alugar,5282,5282,36,7,1.4,190152,,"Viela Dinamarca, 12 - Vila Chata, Guarulhos, SP",Guarulhos,SP,https://webindustrial.com.br/alugar/imovel/galpao-em-condominio-5282m2-para-locacao-guarulhos/692051,190152,44368.8,234520.8,Grande
92,LOG Hortolândia - Galpão para Alugar,4110,4110,23,4.57,0.69,94550.47,,"Rua Pérola, 200 - Hortolândia, SP",Hortolândia,SP,https://webindustrial.com.br/alugar/imovel/galpao-4110m2-para-locacao-hortolandia/692347,94530,21618.6,116148.6,Médio
91,LOG Hortolândia - Galpão para Alugar,4079,4079,23,4.57,0.69,93820.45,,"Rua Pérola, 200 - Hortolândia, SP",Hortolândia,SP,https://webindustrial.com.br/alugar/imovel/galpao-4079m2-para-locacao-hortolandia/692268,93817,21455.54,115272.54,Médio
6,Distrito Industrial Domingos Giomi - Galpão em Condomínio para Alugar ou Comprar,5740,5740,18,7,1.5,103320,600,"Rua Dalísio Silveira Barros, 1 - Indaiatuba, SP",Indaiatuba,SP,https://webindustrial.com.br/alugar-comprar/imovel/galpao-em-condominio-5740m2-para-locacao-venda-indaiatuba/692048,103320,48790,152110,Grande
101,GLP Régis - Galpão para Alugar,31912,31912,24,5.1,1.15,765894.5,,"Rodovia Régis Bittencourt, 296 - Itapecerica da Serra, SP",Itapecerica da Serra,SP,https://webindustrial.com.br/alugar/imovel/galpao-31912m2-para-locacao-itapecerica-da-serra/692672,765888,199450,965338,Grande
97,GLP Régis - Galpão para Alugar,6804,6804,24,5.1,1.15,163319.28,,"Rodovia Régis Bittencourt, 296 - Itapecerica da Serra, SP",Itapecerica da Serra,SP,https://webindustrial.com.br/alugar/imovel/galpao-6804m2-para-locacao-itapecerica-da-serra/692668,163296,42525,205821,Grande
99,GLP Régis - Galpão para Alugar,16738,16738,24,5.1,1.15,401716.81,,"Rodovia Régis Bittencourt, 296 - Itapecerica da Serra, SP",Itapecerica da Serra,SP,https://webindustrial.com.br/alugar/imovel/galpao-16738m2-para-locacao-itapecerica-da-serra/692670,401712,104612.5,506324.5,Grande
100,GLP Régis - Galpão para Alugar,25107,25107,24,5.1,1.15,602575.19,,"Rodovia Régis Bittencourt, 296 - Itapecerica da Serra, SP",Itapecerica da Serra,SP,https://webindustrial.com.br/alugar/imovel/galpao-25107m2-para-locacao-itapecerica-da-serra/692671,602568,156918.75,759486.75,Grande
98,GLP Régis - Galpão para Alugar,8369,8369,24,5.1,1.15,200858.41,,"Rodovia Régis Bittencourt, 296 - Itapecerica da Serra, SP",Itapecerica da Serra,SP,https://webindustrial.com.br/alugar/imovel/galpao-8369m2-para-locacao-itapecerica-da-serra/692669,200856,52306.25,253162.25,Grande
27,CLI - Centro Logístico Itapevi - Galpão para Alugar,3322,3322,30,5.86,0.33,99673.5,,"Rodovia Coronel PM Nelson Tranchesi, 1730 - Itapevi, SP",Itapevi,SP,https://webindustrial.com.br/alugar/imovel/galpao-3322m2-para-locacao-itapevi/692431,99660,20563.18,120223.18,Médio
26,CLI - Centro Logístico Itapevi - Galpão para Alugar,5690,5690,30,5.86,0.33,170707.2,,"Rodovia Coronel PM Nelson Tranchesi, 1730 - Itapevi, SP",Itapevi,SP,https://webindustrial.com.br/alugar/imovel/galpao-5690m2-para-locacao-itapevi/692430,170700,35221.1,205921.1,Grande
128,Itaqui - Galpão para Alugar,1563,1563,27,5.66,0.33,42203.43,,"Itaqui, BA",Itaqui,BA,https://webindustrial.com.br/alugar/imovel/galpao-1563m2-para-locacao-itapevi/1000699,42201,9362.37,51563.37,Médio
5,Bandeirantes Business Park - SP - Galpão para Alugar,4303,4303,25,4.07,0.97,107575,,"Avenida Antônio Frederico Ozanan, 11200 - Jundiaí, SP",Jundiai,SP,https://webindustrial.com.br/alugar/imovel/galpao-4303m2-para-locacao-jundiai/692247,107575,21687.12,129262.12,Médio
150,Presidente Altino - Galpão para Alugar,2830,2830,24.38,7,1.4,69000,,"Armindo Hanne, 105 - Osasco, SP",Osasco,SP,https://webindustrial.com.br/alugar/imovel/galpao-2830m2-para-locacao-osasco/693720,68995.4,23772,92767.4,Médio
22,Pouso Alegre Business Park - Galpão para Alugar,19281,19281,28,4.53,1.5,539889.56,,"Rodovia Fernão Dias, 864 - Pouso Alegre, MG",Pouso Alegre,MG,https://webindustrial.com.br/alugar/imovel/galpao-19281m2-para-locacao-pouso-alegre/692249,539868,116264.43,656132.43,Grande
146,Presidente Altino - Galpão para Alugar,2164,2164,43,1.5,4.9,93052,,"Presidente Altino, SP",Presidente Altino,SP,https://webindustrial.com.br/alugar/imovel/galpao-2164m2-para-locacao-osasco/690791,93052,13849.6,106901.6,Médio
2,BRZ Ribeirão Preto - Galpão em Condomínio para Alugar,3376,3376,26,3.8,1,0,1200,"Rodovia Anhanguera, Km 308, S/N - Ribeirão Preto, SP",Ribeirão Preto,SP,https://webindustrial.com.br/alugar/imovel/galpao-em-condominio-3376m2-para-locacao-ribeirao-preto/1000343,87776,16204.8,103980.8,Médio
105,LOG Ribeirão Preto - Galpão para Alugar,2133,2133,26,4.05,0.6,55467.36,,"Via Anhangüera, 313, Ribeirão Preto, SP",Ribeirão Preto,SP,https://webindustrial.com.br/alugar/imovel/galpao-2133m2-para-locacao-ribeirao-preto/692379,55458,9918.45,65376.45,Médio
107,LOG Ribeirão Preto - Galpão para Alugar,6400,6400,26,4.05,0.6,166402.08,,"Via Anhangüera, 313, Ribeirão Preto, SP",Ribeirão Preto,SP,https://webindustrial.com.br/alugar/imovel/galpao-6400m2-para-locacao-ribeirao-preto/692381,166400,29760,196160,Grande
106,LOG Ribeirão Preto - Galpão para Alugar,4266,4266,26,4.05,0.6,110934.72,,"Via Anhangüera, 313 - Ribeirão Preto, SP",Ribeirão Preto,SP,https://webindustrial.com.br/alugar/imovel/galpao-4266m2-para-locacao-ribeirao-preto/692380,110916,19836.9,130752.9,Médio
104,LOG Ribeirão Preto - Galpão para Alugar,12800,12800,26,4.05,0.6,332804.16,,"Via Anhangüera, 313 - Ribeirão Preto, SP",Ribeirão Preto,SP,https://webindustrial.com.br/alugar/imovel/galpao-12800m2-para-locacao-ribeirao-preto/692269,332800,59520,392320,Grande
11,Jardim Santa Luzia - Galpão em Condomínio para Alugar,30172,30172,18,7,0.6,543100,1400,"Jardim Santa Luzia, SP",Santa Luzia,SP,https://webindustrial.com.br/alugar/imovel/galpao-em-condominio-30172m2-para-locacao-hortolandia/692056,543096,229307.2,772403.2,Grande
3,BRZ 386 Logistics Park - Galpão em Condomínio para Alugar,2821,2821,30,3.8,1,0,1200,"Rodovia Governador Leonel De Moura Brizola, 437 - Nova Santa Rita, MG",Santa Rita do Sapucaí,MG,https://webindustrial.com.br/alugar/imovel/galpao-em-condominio-2821m2-para-locacao-nova-santa-rita/1000344,84630,13540.8,98170.8,Médio
119,Santana Business Park - Galpão para Alugar,4385,4385,26,4.4,0.65,114027.42,,"Estrada Tenente Marques, 1818 - Santana de Parnaíba, SP",Santana de Parnaíba,SP,https://webindustrial.com.br/alugar/imovel/galpao-4385m2-para-locacao-santana-de-parnaiba/692487,114010,22144.25,136154.25,Médio
118,Santana Business Park - Galpão para Alugar,2923,2923,26.01,4.4,0.65,76018.28,,"Estrada Tenente Marques, 1818 - Santana de Parnaíba, SP",Santana de Parnaíba,SP,https://webindustrial.com.br/alugar/imovel/galpao-2923m2-para-locacao-santana-de-parnaiba/692486,76027.23,14761.15,90788.38,Médio
50,Urdi Castello Branco - Galpão para Alugar,4965,4965,25,4.2,0.2,124144,,"Avenida Benedito Crispim de Oliveira, 580 - Santana de Parnaíba, SP",Santana de Parnaíba,SP,https://webindustrial.com.br/alugar/imovel/galpao-4965m2-para-locacao-santana-de-parnaiba/692452,124125,21846,145971,Médio
52,Urdi Castello Branco - Galpão para Alugar,18113,18113,25,4.2,0.2,452825,,"Avenida Benedito Crispim de Oliveira, 580 - Santana de Parnaíba, SP",Santana de Parnaíba,SP,https://webindustrial.com.br/alugar/imovel/galpao-18113m2-para-locacao-santana-de-parnaiba/692454,452825,79697.2,532522.2,Grande
51,Urdi Castello Branco - Galpão para Alugar,13148,13148,25,4.2,0.2,328700,,"Avenida Benedito Crispim de Oliveira, 580 - Santana de Parnaíba, SP",Santana de Parnaíba,SP,https://webindustrial.com.br/alugar/imovel/galpao-13148m2-para-locacao-santana-de-parnaiba/692453,328700,57851.2,386551.2,Grande
49,Urdi Castello Branco - Galpão para Alugar,8183,8183,25,4.2,0.2,204577,,"Avenida Benedito Crispim de Oliveira, 580 - Santana de Parnaíba, SP",Santana de Parnaíba,SP,https://webindustrial.com.br/alugar/imovel/galpao-8183m2-para-locacao-santana-de-parnaiba/692451,204575,36005.2,240580.2,Grande
114,Mbigucci Business Park Santo André - Galpão para Alugar,2186,2186,35.01,3.75,5.5,76521.2,,"Rua Ângelo Franchini, 299 - Santo André, SP",Santo André,SP,https://webindustrial.com.br/alugar/imovel/galpao-2186m2-para-locacao-santo-andre/692474,76531.86,20220.5,96752.36,Médio
115,Mbigucci Business Park Santo André - Galpão para Alugar,6558,6558,35.01,3.75,5.5,229563.59,,"Rua Ângelo Franchini, 299 - Santo André, SP",Santo André,SP,https://webindustrial.com.br/alugar/imovel/galpao-6558m2-para-locacao-santo-andre/692475,229595.58,60661.5,290257.08,Grande
121,Mbigucci Business Park Santo André - Galpão para Alugar,4372,4372,35.01,3.75,5.5,153042.41,,"Rua Ângelo Franchini, 299 - Santo André, SP",Santo André,SP,https://webindustrial.com.br/alugar/imovel/galpao-4372m2-para-locacao-santo-andre/692699,153063.72,40441,193504.72,Médio
111,Mbigucci Business Park Santo André - Galpão para Alugar,1192,1192,35,3.75,5.5,41720,,"Rua Ângelo Franchini, 299, Santo André, SP",Santo André,SP,https://webindustrial.com.br/alugar/imovel/galpao-1192m2-para-locacao-santo-andre/692471,41720,11026,52746,Médio
112,Mbigucci Business Park Santo André - Galpão para Alugar,2384,2384,35,3.75,5.5,83440,,"Rua Ângelo Franchini, 299 - Santo André, SP",Santo André,SP,https://webindustrial.com.br/alugar/imovel/galpao-2384m2-para-locacao-santo-andre/692472,83440,22052,105492,Médio
113,Mbigucci Business Park Santo André - Galpão para Alugar,3576,3576,35,3.75,5.5,125160,,"Rua Ângelo Franchini, 299 - Santo André, SP",Santo André,SP,https://webindustrial.com.br/alugar/imovel/galpao-3576m2-para-locacao-santo-andre/692473,125160,33078,158238,Médio
13,Braslog Sorocaba - Galpão para Alugar,3666,3666,24,4.5,1.22,87999.84,,"Avenida Antonio Bardela, 2650 - Sorocaba, SP",Sorocaba,SP,https://webindustrial.com.br/alugar/imovel/galpao-3666m2-para-locacao-sorocaba/692476,87984,20969.52,108953.52,Médio
110,CL Imigrantes 3 - Galpão para Alugar,43416,43416,34,5,3,1476168.12,,"Estrada Marco Polo, 4646 - São Bernardo do Campo, SP",São Bernardo do Campo,SP,https://webindustrial.com.br/alugar/imovel/galpao-43416m2-para-locacao-sao-bernardo-do-campo/692422,1476144,347328,1823472,Grande
108,CL Imigrantes 3 - Galpão para Alugar,13021,13021,34,5,3,442741.19,,"Estrada Marco Polo, 4646 - São Bernardo do Campo, SP",São Bernardo do Campo,SP,https://webindustrial.com.br/alugar/imovel/galpao-13021m2-para-locacao-sao-bernardo-do-campo/692420,442714,104168,546882,Grande
109,CL Imigrantes 3 - Galpão para Alugar,30394,30394,34,5,3,1033426.62,,"Estrada Marco Polo, 4646 - São Bernardo do Campo, SP",São Bernardo do Campo,SP,https://webindustrial.com.br/alugar/imovel/galpao-30394m2-para-locacao-sao-bernardo-do-campo/692421,1033396,243152,1276548,Grande
95,CL Imigrantes 4 - Galpão para Alugar,34430,34430,34,5,3,1170643.75,,"Avenida Montemor, 513 - São Bernardo do Campo, SP",São Bernardo do Campo,SP,https://webindustrial.com.br/alugar/imovel/galpao-34430m2-para-locacao-sao-bernardo-do-campo/692424,1170620,275440,1446060,Grande
94,CL Imigrantes 4 - Galpão para Alugar,29475,29475,34,5,3,1002180.62,,"Avenida Montemor, 513, São Bernardo do Campo, SP",São Bernardo do Campo,SP,https://webindustrial.com.br/alugar/imovel/galpao-29475m2-para-locacao-sao-bernardo-do-campo/692423,1002150,235800,1237950,Grande
96,CL Imigrantes 4 - Galpão para Alugar,63906,63906,34,5,3,2172823.5,,"Avenida Montemor, 513 - São Bernardo do Campo, SP",São Bernardo do Campo,SP,https://webindustrial.com.br/alugar/imovel/galpao-63906m2-para-locacao-sao-bernardo-do-campo/692425,2172804,511248,2684052,Grande
53,GLP Imigrantes - Galpão para Alugar,7376,7376,34,2.7,2.55,250816.3,,"Rua dos Imigrantes, 0 - São Bernardo do Campo, SP",São Bernardo do Campo,SP,https://webindustrial.com.br/alugar/imovel/galpao-7376m2-para-locacao-sao-bernardo-do-campo/692675,250784,38724,289508,Grande
141,Vila Alves Dias - Galpão para Alugar,3252.98,3252.98,23055.78,7,1.5,75000000,,"Estrada Samuel Aizemberg, 1150 - São Bernardo do Campo",São Bernardo do Campo,SP,"https://webindustrial.com.br/alugar/imovel/galpao-3252,98m2-para-locacao-sao-bernardo-do-campo/693757",74999991.22,27650.33,75027641.55,Médio
67,LOG São José do Rio Preto - Galpão para Alugar,4672,4672,25.01,4.4,0.6,116824.5,,"Avenida Percy Gandini, 5305 - São José do Rio Preto, SP",São José do Rio Preto,SP,https://webindustrial.com.br/alugar/imovel/galpao-4672m2-para-locacao-sao-jose-do-rio-preto/692270,116846.72,23360,140206.72,Médio
69,LOG São José do Rio Preto - Galpão para Alugar,3557,3557,25,4.4,0.6,88929.25,,"Avenida Percy Gandini, 5305 - São José do Rio Preto, SP",São José do Rio Preto,SP,https://webindustrial.com.br/alugar/imovel/galpao-3557m2-para-locacao-sao-jose-do-rio-preto/692382,88925,17785,106710,Médio
68,LOG São José do Rio Preto - Galpão para Alugar,4231,4231,25,4.4,0.6,105776,,"Avenida Percy Gandini, 5305 - São José do Rio Preto, SP",São José do Rio Preto,SP,https://webindustrial.com.br/alugar/imovel/galpao-4231m2-para-locacao-sao-jose-do-rio-preto/692271,105775,21155,126930,Médio
93,CL SP Dutra - Centro Logístico Dutra - Galpão para Alugar,18822,18822,42,3.87,1.1,790549.19,,"Rua Cabo Norberto Enrique Weber, 222, São Paulo, SP",São Paulo,SP,https://webindustrial.com.br/alugar/imovel/galpao-18822m2-para-locacao-sao-paulo/692413,790524,93545.34,884069.34,Grande
56,GS Espaço Empresarial Park Lapa IV - Galpão para Alugar,4424,4424,45,6,3,199080,,"Rua Mateo Forte, 216 - São Paulo, SP",São Paulo,SP,https://webindustrial.com.br/alugar/imovel/galpao-4424m2-para-locacao-sao-paulo/692732,199080,39816,238896,Médio
55,GS Espaço Empresarial Park Lapa IV - Galpão para Alugar,2207,2207,45,6,3,99315,,"Rua Mateo Forte, 216 - São Paulo, SP",São Paulo,SP,https://webindustrial.com.br/alugar/imovel/galpao-2207m2-para-locacao-sao-paulo/692731,99315,19863,119178,Médio
57,GS Espaço Empresarial Park Lapa IV - Galpão para Alugar,5926,5926,45,6,3,266670,,"Rua Mateo Forte, 216 - São Paulo",São Paulo,SP,https://webindustrial.com.br/alugar/imovel/galpao-5926m2-para-locacao-sao-paulo/692733,266670,53334,320004,Grande
59,GS Espaço Empresarial Park Lapa IV - Galpão para Alugar,21970,21970,45,6,3,988650,,"Rua Mateo Forte, 216 - São Paulo, SP",São Paulo,SP,https://webindustrial.com.br/alugar/imovel/galpao-21970m2-para-locacao-sao-paulo/692735,988650,197730,1186380,Grande
54,GS Espaço Empresarial Park Lapa IV - Galpão para Alugar,1502,1502,45,6,3,67590,,"Rua Mateo Forte, 216 - São Paulo, SP",São Paulo,SP,https://webindustrial.com.br/alugar/imovel/galpao-1502m2-para-locacao-sao-paulo/692730,67590,13518,81108,Médio
58,GS Espaço Empresarial Park Lapa IV - Galpão para Alugar,2241,2241,45,6,3,100845,,"Rua Mateo Forte, 216 - São Paulo, SP",São Paulo,SP,https://webindustrial.com.br/alugar/imovel/galpao-2241m2-para-locacao-sao-paulo/692734,100845,20169,121014,Médio
63,GS Espaço Empresarial Park Maginal Lapa II - Galpão para Alugar,5609,5609,43,8,3,241187,,"Avenida Raimundo Pereira de Magalhães, 136 - São Paulo, SP",São Paulo,SP,https://webindustrial.com.br/alugar/imovel/galpao-5609m2-para-locacao-sao-paulo/692739,241187,61699,302886,Grande
64,GS Espaço Empresarial Park Maginal Lapa II - Galpão para Alugar,4336,4336,43,8,3,186448,,"Avenida Raimundo Pereira de Magalhães, 136 - São Paulo, SP",São Paulo,SP,https://webindustrial.com.br/alugar/imovel/galpao-4336m2-para-locacao-sao-paulo/692740,186448,47696,234144,Médio
62,GS Espaço Empresarial Park Maginal Lapa II - Galpão para Alugar,3052,3052,43,8,3,131236,,"Avenida Raimundo Pereira de Magalhães, 136, São Paulo, SP",São Paulo,SP,https://webindustrial.com.br/alugar/imovel/galpao-3052m2-para-locacao-sao-paulo/692738,131236,33572,164808,Médio
61,GS Espaço Empresarial Park Maginal Lapa II - Galpão para Alugar,2557,2557,43,8,3,109951,,"Avenida Raimundo Pereira de Magalhães, 136 - São Paulo, SP",São Paulo,SP,https://webindustrial.com.br/alugar/imovel/galpao-2557m2-para-locacao-sao-paulo/692737,109951,28127,138078,Médio
65,GS Espaço Empresarial Park Maginal Lapa II - Galpão para Alugar,1640,1640,43,8,3,70520,,"Avenida Raimundo Pereira de Magalhães, 136 - São Paulo, SP",São Paulo,SP,https://webindustrial.com.br/alugar/imovel/galpao-1640m2-para-locacao-sao-paulo/692741,70520,18040,88560,Médio
60,GS Espaço Empresarial Park Maginal Lapa III - Galpão para Alugar,3409,3409,43.01,6,3.25,146626.56,,"Rua Campos Vergueiro, 131 - São Paulo, SP",São Paulo,SP,https://webindustrial.com.br/alugar/imovel/galpao-3409m2-para-locacao-sao-paulo/692736,146621.09,31533.25,178154.34,Médio
38,GS Espaço Empresarial Park Vila Anastácio - Galpão para Alugar,1856,1856,47,6,3,87232,,"Rua João Tibiriçá, 958 - São Paulo, SP",São Paulo,SP,https://webindustrial.com.br/alugar/imovel/galpao-1856m2-para-locacao-sao-paulo/692729,87232,16704,103936,Médio
37,GS Espaço Empresarial Park Vila Anastácio - Galpão para Alugar,2952,2952,47,6,3,138744,,"Rua João Tibiriçá, 958 - São Paulo, SP",São Paulo,SP,https://webindustrial.com.br/alugar/imovel/galpao-2952m2-para-locacao-sao-paulo/692728,138744,26568,165312,Médio
36,GS Espaço Empresarial Park Vila Anastácio - Galpão para Alugar,1476,1476,47,6,3,69372,,"Rua João Tibiriçá, 958 - São Paulo, SP",São Paulo,SP,https://webindustrial.com.br/alugar/imovel/galpao-1476m2-para-locacao-sao-paulo/692727,69372,13284,82656,Médio
117,Goodman Jaguaré - Galpão para Alugar,14964,14964,45,7,1.5,673386.75,,"Avenida Engenheiro Billings, 2227 - São Paulo, SP",São Paulo,SP,https://webindustrial.com.br/alugar/imovel/galpao-14964m2-para-locacao-sao-paulo/692478,673380,127194,800574,Grande
116,Goodman Jaguaré - Galpão para Alugar,7027,7027,45,7,1.5,316226.69,,"Avenida Engenheiro Billings, 2227 - São Paulo, SP",São Paulo,SP,https://webindustrial.com.br/alugar/imovel/galpao-7027m2-para-locacao-sao-paulo/692477,316215,59729.5,375944.5,Grande
9,Itaquera - Galpão para Alugar,24697,24697,32.09,7,1.5,792449,1200,"Rua Tomoichi Shimizu, 370 - Itaquera, São Paulo, SP",São Paulo,SP,https://webindustrial.com.br/alugar/imovel/galpao-24697m2-para-locacao-sao-paulo-itaquera/692044,792526.73,209924.5,1002451.23,Grande
140,Jardim Miriam - Galpão para Alugar,245,245,26.53,7,1.5,6500,,"Rua Giuseppe Boschi, 244 - Jardim Miriam, São Paulo, SP",São Paulo,SP,https://webindustrial.com.br/alugar/imovel/galpao-245m2-para-locacao-sao-paulo/693747,6499.85,2082.5,8582.35,Pequeno
143,Jardim Regina Alice - Galpão para Alugar,2000,2000,26,7,1.52,52000,,Jardim Regina Alice - São Paulo - SP,São Paulo,SP,https://webindustrial.com.br/alugar/imovel/galpao-2000m2-para-locacao-barueri/1000697,52000,17040,69040,Médio
137,Parque Industrial San José - Galpão em Condomínio para Alugar,1250,1250,28,1.19,1.16,35000,1200,"Rua Santa Clara, 515, 541 - São Paulo, SP",São Paulo,SP,https://webindustrial.com.br/alugar/imovel/galpao-em-condominio-1250m2-para-locacao-sao-paulo-parque-industrial-san-jose/1000593,35000,2937.5,37937.5,Médio
82,GLP Taboão - Galpão para Alugar,31940,31940,36,3.9,1,1149865.25,,"Avenida Marechal Castelo Branco, 565 - Taboão da Serra, SP",Taboão da Serra,SP,https://webindustrial.com.br/alugar/imovel/galpao-31940m2-para-locacao-taboao-da-serra/692686,1149840,156506,1306346,Grande
89,GLP Taboão - Galpão para Alugar,3229,3229,36.01,3.9,1,116269.2,,"Avenida Marechal Castelo Branco, 565, Taboão da Serra, SP",Taboão da Serra,SP,https://webindustrial.com.br/alugar/imovel/galpao-3229m2-para-locacao-taboao-da-serra/692693,116276.29,15822.1,132098.39,Médio
75,GLP Taboão - Galpão para Alugar,10976,10976,36,3.9,1,395163.38,,"Avenida Marechal Castelo Branco, 565, Taboão da Serra, SP",Taboão da Serra,SP,https://webindustrial.com.br/alugar/imovel/galpao-10976m2-para-locacao-taboao-da-serra/692679,395136,53782.4,448918.4,Grande
88,GLP Taboão - Galpão para Alugar,29312,29312,82.85,3.9,1,2428401.5,,"Avenida Marechal Castelo Branco, 565 - Taboão da Serra, SP",Taboão da Serra,SP,https://webindustrial.com.br/alugar/imovel/galpao-29312m2-para-locacao-taboao-da-serra/692692,2428499.2,143628.8,2572128,Grande
81,GLP Taboão - Galpão para Alugar,18891,18891,36,3.9,1,680094,,"Avenida Marechal Castelo Branco, 565 - Taboão da Serra, SP",Taboão da Serra,SP,https://webindustrial.com.br/alugar/imovel/galpao-18891m2-para-locacao-taboao-da-serra/692685,680076,92565.9,772641.9,Grande
79,GLP Taboão - Galpão para Alugar,12812,12812,36,3.9,1,461244.97,,"Avenida Marechal Castelo Branco, 565 - Taboão da Serra, SP",Taboão da Serra,SP,https://webindustrial.com.br/alugar/imovel/galpao-12812m2-para-locacao-taboao-da-serra/692683,461232,62778.8,524010.8,Grande
78,GLP Taboão - Galpão para Alugar,43435,43435,36,3.9,1,1563685.5,,"Avenida Marechal Castelo Branco, 565 - Taboão da Serra, SP",Taboão da Serra,SP,https://webindustrial.com.br/alugar/imovel/galpao-43435m2-para-locacao-taboao-da-serra/692682,1563660,212831.5,1776491.5,Grande
87,GLP Taboão - Galpão para Alugar,9780,9780,36,3.9,1,352088.62,,"Avenida Marechal Castelo Branco, 565 - Taboão da Serra, SP",Taboão da Serra,SP,https://webindustrial.com.br/alugar/imovel/galpao-9780m2-para-locacao-taboao-da-serra/692691,352080,47922,400002,Grande
80,GLP Taboão - Galpão para Alugar,9682,9682,36,3.9,1,348573.25,,"Avenida Marechal Castelo Branco, 565 - Taboão da Serra, SP",Taboão da Serra,SP,https://webindustrial.com.br/alugar/imovel/galpao-9682m2-para-locacao-taboao-da-serra/692684,348552,47441.8,395993.8,Grande
86,GLP Taboão - Galpão para Alugar,4890,4890,36,3.9,1.5,176044.31,,"Avenida Marechal Castelo Branco, 565 - Taboão da Serra, SP",Taboão da Serra,SP,https://webindustrial.com.br/alugar/imovel/galpao-4890m2-para-locacao-taboao-da-serra/692690,176040,26406,202446,Médio
76,GLP Taboão - Galpão para Alugar,21953,21953,36,3.9,1,790326.75,,"Avenida Marechal Castelo Branco, 565 - Taboão da Serra, SP",Taboão da Serra,SP,https://webindustrial.com.br/alugar/imovel/galpao-21953m2-para-locacao-taboao-da-serra/692680,790308,107569.7,897877.7,Grande
77,GLP Taboão - Galpão para Alugar,32930,32930,36,3.9,1,1185490.12,,"Avenida Marechal Castelo Branco, 565 - Taboão da Serra, SP",Taboão da Serra,SP,https://webindustrial.com.br/alugar/imovel/galpao-32930m2-para-locacao-taboao-da-serra/692681,1185480,161357,1346837,Grande
85,GLP Taboão - Galpão para Alugar,14877,14877,36,3.9,1,535606.56,,"Avenida Marechal Castelo Branco, 565, Taboão da Serra, SP",Taboão da Serra,SP,https://webindustrial.com.br/alugar/imovel/galpao-14877m2-para-locacao-taboao-da-serra/692689,535572,72897.3,608469.3,Grande
83,GLP Taboão - Galpão para Alugar,8278,8278,36,3.9,1,298037.53,,"Avenida Marechal Castelo Branco, 565 - Taboão da Serra, SP",Taboão da Serra,SP,https://webindustrial.com.br/alugar/imovel/galpao-8278m2-para-locacao-taboao-da-serra/692687,298008,40562.2,338570.2,Grande
84,GLP Taboão - Galpão para Alugar,7438,7438,36,3.9,1,267803.28,,"Avenida Marechal Castelo Branco, 565 - Taboão da Serra, SP",Taboão da Serra,SP,https://webindustrial.com.br/alugar/imovel/galpao-7438m2-para-locacao-taboao-da-serra/692688,267768,36446.2,304214.2,Grande
90,GLP Taboão - Galpão para Alugar,6695,6695,36,3.9,1,241043.05,,"Avenida Marechal Castelo Branco, 565 - Taboão da Serra, SP",Taboão da Serra,SP,https://webindustrial.com.br/alugar/imovel/galpao-6695m2-para-locacao-taboao-da-serra/692694,241020,32805.5,273825.5,Grande
136,Tamboré - Galpão para Alugar,800,800,43.75,7,0.48,35000,,"Tamboré, SP",Tamboré,SP,https://webindustrial.com.br/alugar/imovel/galpao-800m2-para-locacao-barueri/693793,35000,5984,40984,Pequeno
151,Vila Maria - Galpão em Condomínio para Alugar,8615,8615,45,7,3.84,387675,6.9,Avenida Morvan Dias de Figueiredo - Vila Guilherme - SP,Vila Guilherme,SP,https://webindustrial.com.br/alugar/imovel/galpao-em-condominio-8615m2-para-locacao-sao-paulo/692045,387675,93386.6,481061.6,Grande
